Outcome_Variable,term,estimate,std.error,statistic,lower_ci,upper_ci,BIC,Avg_R_squared,Avg_RMSE,N_TBI,N_nonTBI
cdrsb,(Intercept),-2.1208130734154365,0.5766062845873231,-3.678095660947056,-3.2509406244660424,-0.9906855223648305,10304.19293588388,0.6042357058335822,1.6064588680438454,128,384
cdrsb,new_injury_severity1,-0.13342165142869666,0.16179708373388624,-0.8246233389975081,-0.45053810835072505,0.18369480549333173,10304.19293588388,0.6042357058335822,1.6064588680438454,128,384
cdrsb,new_injury_severity2,0.4982863999144853,0.17431484027830083,2.8585426181669358,0.15663559099816382,0.8399372088308068,10304.19293588388,0.6042357058335822,1.6064588680438454,128,384
cdrsb,months_since_bl_exam,0.005232625647436277,0.0010018342105163084,5.223045482485145,0.003269066676344194,0.00719618461852836,10304.19293588388,0.6042357058335822,1.6064588680438454,128,384
cdrsb,age,0.030524172413225362,0.0076771506038886776,3.975976763796202,0.015477233725713632,0.0455711111007371,10304.19293588388,0.6042357058335822,1.6064588680438454,128,384
cdrsb,ptgenderMale,-0.21109730738359872,0.10726686148477903,-1.967963865648787,-0.4213364926284122,-8.581221387851945e-4,10304.19293588388,0.6042357058335822,1.6064588680438454,128,384
cdrsb,apoe41,0.18940951376410245,0.11519906459925687,1.644193157496561,-0.03637650390314409,0.415195531431349,10304.19293588388,0.6042357058335822,1.6064588680438454,128,384
cdrsb,apoe42,0.8202702839618188,0.18998492597029504,4.317554562671312,0.4479066714545322,1.1926338964691054,10304.19293588388,0.6042357058335822,1.6064588680438454,128,384
cdrsb,dxMCI,1.2866300790002163,0.08954654360247866,14.368282987134775,1.1111220785993126,1.46213807940112,10304.19293588388,0.6042357058335822,1.6064588680438454,128,384
cdrsb,dxDementia,4.812120842084071,0.11418530356743661,42.143084019933305,4.588321759528123,5.0359199246400195,10304.19293588388,0.6042357058335822,1.6064588680438454,128,384
cdrsb,new_injury_severity1:months_since_bl_exam,0.009510726768602587,0.0020522482745509154,4.634296389253283,0.005488394063148325,0.01353305947405685,10304.19293588388,0.6042357058335822,1.6064588680438454,128,384
cdrsb,new_injury_severity2:months_since_bl_exam,0.0016043494412267979,0.0020319012597991865,0.7895804156277536,-0.00237810384812117,0.005586802730574766,10304.19293588388,0.6042357058335822,1.6064588680438454,128,384
cdrsb,sd__(Intercept),1.0303280762754339,NA,NA,NA,NA,10304.19293588388,0.6042357058335822,1.6064588680438454,128,384
cdrsb,sd__Observation,1.2229769771963246,NA,NA,NA,NA,10304.19293588388,0.6042357058335822,1.6064588680438454,128,384
adas11,(Intercept),-7.558878627210909,2.2381166117657294,-3.3773390481416614,-11.945506579472553,-3.1722506749492654,17206.915040957512,0.47931235321974547,5.535579556136597,128,384
adas11,new_injury_severity1,0.10920039105123258,0.6188542196143234,0.1764557590304344,-1.103731591073482,1.3221323731759473,17206.915040957512,0.47931235321974547,5.535579556136597,128,384
adas11,new_injury_severity2,2.3495465644768343,0.6679711166096592,3.5174373652593625,1.0403472332088979,3.6587458957447705,17206.915040957512,0.47931235321974547,5.535579556136597,128,384
adas11,months_since_bl_exam,0.014215807614689643,0.0031264450709004646,4.546955821166969,0.008088087876081958,0.02034352735329733,17206.915040957512,0.47931235321974547,5.535579556136597,128,384
adas11,age,0.1765618353940503,0.029831895384387342,5.918559083123318,0.11809239485008444,0.23503127593801615,17206.915040957512,0.47931235321974547,5.535579556136597,128,384
adas11,ptgenderMale,-0.005647659026305291,0.4172993261306674,-0.013533832126383209,-0.8235393090152474,0.8122439909626369,17206.915040957512,0.47931235321974547,5.535579556136597,128,384
adas11,apoe41,1.622404125748261,0.44693527423307705,3.6300650659812908,0.7464270848308978,2.4983811666656246,17206.915040957512,0.47931235321974547,5.535579556136597,128,384
adas11,apoe42,4.508830071337284,0.7319584566675998,6.159953519581855,3.074217858089267,5.943442284585301,17206.915040957512,0.47931235321974547,5.535579556136597,128,384
adas11,dxMCI,2.682501754276771,0.3035848127596329,8.836086791998635,2.087486455014555,3.277517053538987,17206.915040957512,0.47931235321974547,5.535579556136597,128,384
adas11,dxDementia,10.850046017976894,0.39050006373027835,27.7850044743427,10.084679957104953,11.615412078848834,17206.915040957512,0.47931235321974547,5.535579556136597,128,384
adas11,new_injury_severity1:months_since_bl_exam,0.019602763546397808,0.0065038587375779834,3.014020497268336,0.0068554346602088204,0.0323500924325868,17206.915040957512,0.47931235321974547,5.535579556136597,128,384
adas11,new_injury_severity2:months_since_bl_exam,0.009003475616060365,0.006289157587052937,1.4315869003815727,-0.003323046747660218,0.021329997979780947,17206.915040957512,0.47931235321974547,5.535579556136597,128,384
adas11,sd__(Intercept),4.223521936969454,NA,NA,NA,NA,17206.915040957512,0.47931235321974547,5.535579556136597,128,384
adas11,sd__Observation,3.7880439369127883,NA,NA,NA,NA,17206.915040957512,0.47931235321974547,5.535579556136597,128,384
adas13,(Intercept),-14.04728156211736,3.1072381553805606,-4.520825524040629,-20.13735643805193,-7.957206686182791,18346.16287459408,0.5222900275804696,7.400135418870944,128,384
adas13,new_injury_severity1,0.4882055111483665,0.8536848876201323,0.5718802314860766,-1.184986122733216,2.161397145029949,18346.16287459408,0.5222900275804696,7.400135418870944,128,384
adas13,new_injury_severity2,3.1044454552197656,0.9227506435942979,3.3643384339753273,1.2958874270637866,4.9130034833757446,18346.16287459408,0.5222900275804696,7.400135418870944,128,384
adas13,months_since_bl_exam,0.023064614211485337,0.003794334725170968,6.0786978171637385,0.015627854804860557,0.030501373618110117,18346.16287459408,0.5222900275804696,7.400135418870944,128,384
adas13,age,0.307159260838514,0.041437834429085364,7.412531689226449,0.22594259776017286,0.38837592391685516,18346.16287459408,0.5222900275804696,7.400135418870944,128,384
adas13,ptgenderMale,0.18848542465484447,0.5799489485481871,0.32500347681755215,-0.9481936273714751,1.3251644766811639,18346.16287459408,0.5222900275804696,7.400135418870944,128,384
adas13,apoe41,2.6326295412811205,0.6199119823001444,4.246779569436478,1.4176243823880061,3.847634700174235,18346.16287459408,0.5222900275804696,7.400135418870944,128,384
adas13,apoe42,7.23005728579496,1.011674308376503,7.146625377289144,5.247212077292546,9.212902494297374,18346.16287459408,0.5222900275804696,7.400135418870944,128,384
adas13,dxMCI,4.314030578282516,0.3828584609328971,11.26795152383645,3.5636417836776024,5.064419372887429,18346.16287459408,0.5222900275804696,7.400135418870944,128,384
adas13,dxDementia,14.778195863632629,0.4948320410359555,29.86507468815831,13.80834288480571,15.748048842459548,18346.16287459408,0.5222900275804696,7.400135418870944,128,384
adas13,new_injury_severity1:months_since_bl_exam,0.02628627222963535,0.007930069675747846,3.3147593028123574,0.010743621270276348,0.04182892318899435,18346.16287459408,0.5222900275804696,7.400135418870944,128,384
adas13,new_injury_severity2:months_since_bl_exam,0.01240758820549987,0.007617987038775675,1.6287226720582548,-0.0025233920251933866,0.027338568436193124,18346.16287459408,0.5222900275804696,7.400135418870944,128,384
adas13,sd__(Intercept),5.996052525412733,NA,NA,NA,NA,18346.16287459408,0.5222900275804696,7.400135418870944,128,384
adas13,sd__Observation,4.553499776983343,NA,NA,NA,NA,18346.16287459408,0.5222900275804696,7.400135418870944,128,384
adasq4,(Intercept),-4.519178840565683,0.9093939426609374,-4.969440226688022,-6.301558215940003,-2.736799465191363,11369.587362815484,0.4407680673019308,2.2654203344835406,128,384
adasq4,new_injury_severity1,0.23923209608519191,0.24986509867921966,0.9574450267354924,-0.2504944983196251,0.7289586904900089,11369.587362815484,0.4407680673019308,2.2654203344835406,128,384
adasq4,new_injury_severity2,0.4587665259515455,0.2701935045051633,1.69791841144271,-0.07080301173523523,0.9883360636383263,11369.587362815484,0.4407680673019308,2.2654203344835406,128,384
adasq4,months_since_bl_exam,0.005632392582267889,0.001127429096992434,4.995784300132967,0.003422672157040204,0.007842113007495575,11369.587362815484,0.4407680673019308,2.2654203344835406,128,384
adasq4,age,0.09551786879223191,0.01212702569807826,7.876446473381218,0.07174933518440682,0.119286402400057,11369.587362815484,0.4407680673019308,2.2654203344835406,128,384
adasq4,ptgenderMale,0.3481621386365343,0.16971965484256868,2.051395514323242,0.015517727676530757,0.6808065495965379,11369.587362815484,0.4407680673019308,2.2654203344835406,128,384
adasq4,apoe41,0.7853047489143784,0.18144336662112293,4.328098422877017,0.42968228510328055,1.1409272127254764,11369.587362815484,0.4407680673019308,2.2654203344835406,128,384
adasq4,apoe42,2.274480071211442,0.2961752843488408,7.679506668532534,1.6939871807768048,2.8549729616460793,11369.587362815484,0.4407680673019308,2.2654203344835406,128,384
adasq4,dxMCI,1.5740238808040232,0.11341009358754349,13.879045779897917,1.3517441818891212,1.7963035797189253,11369.587362815484,0.4407680673019308,2.2654203344835406,128,384
adasq4,dxDementia,3.601969346704699,0.1458652642773803,24.69381154278871,3.316078682125617,3.8878600112837813,11369.587362815484,0.4407680673019308,2.2654203344835406,128,384
adasq4,new_injury_severity1:months_since_bl_exam,0.008057724322558581,0.0023166181455582724,3.4782272330931705,0.0035172361913323996,0.012598212453784762,11369.587362815484,0.4407680673019308,2.2654203344835406,128,384
adasq4,new_injury_severity2:months_since_bl_exam,-8.015917487324574e-4,0.0022648218153999275,-0.35393148515346246,-0.005240560938316936,0.003637377440852022,11369.587362815484,0.4407680673019308,2.2654203344835406,128,384
adasq4,sd__(Intercept),1.750996947963154,NA,NA,NA,NA,11369.587362815484,0.4407680673019308,2.2654203344835406,128,384
adasq4,sd__Observation,1.3583606612099735,NA,NA,NA,NA,11369.587362815484,0.4407680673019308,2.2654203344835406,128,384
mmse,(Intercept),34.50906296931626,0.8934795747995824,38.623225356950144,32.75787518178692,36.2602507568456,13187.44165427172,0.4662933477195555,2.5313094478170517,128,384
mmse,new_injury_severity1,-0.3079878533456713,0.2518100872933229,-1.223095772914408,-0.8015265553844712,0.18555084869312855,13187.44165427172,0.4662933477195555,2.5313094478170517,128,384
mmse,new_injury_severity2,-1.1872333694724344,0.27127203801356115,-4.376541637561198,-1.7189167939917946,-0.6555499449530742,13187.44165427172,0.4662933477195555,2.5313094478170517,128,384
mmse,months_since_bl_exam,-0.006909492957138901,0.001597027653503879,-4.326470454020925,-0.010039609640321016,-0.003779376273956786,13187.44165427172,0.4662933477195555,2.5313094478170517,128,384
mmse,age,-0.07307655956929332,0.011889052725886171,-6.146541802290344,-0.09637867472232797,-0.049774444416258674,13187.44165427172,0.4662933477195555,2.5313094478170517,128,384
mmse,ptgenderMale,0.21879013143578344,0.1660667311845111,1.317483218193132,-0.10669468071615293,0.5442749435877198,13187.44165427172,0.4662933477195555,2.5313094478170517,128,384
mmse,apoe41,-0.5188545084323205,0.1785050921634851,-2.9066650264359075,-0.8687180601297542,-0.1689909567348868,13187.44165427172,0.4662933477195555,2.5313094478170517,128,384
mmse,apoe42,-1.6047188432665689,0.29513601154864955,-5.437218029905004,-2.183174796442719,-1.0262628900904185,13187.44165427172,0.4662933477195555,2.5313094478170517,128,384
mmse,dxMCI,-1.044664343394177,0.14159843429069421,-7.3776546232816065,-1.3221921748711989,-0.7671365119171549,13187.44165427172,0.4662933477195555,2.5313094478170517,128,384
mmse,dxDementia,-5.3177794249629455,0.1810216249351033,-29.376487073681847,-5.672575290258665,-4.962983559667226,13187.44165427172,0.4662933477195555,2.5313094478170517,128,384
mmse,new_injury_severity1:months_since_bl_exam,-0.006667556129295971,0.003331725074855147,-2.0012323884754672,-0.013197617282401073,-1.3749497619086875e-4,13187.44165427172,0.4662933477195555,2.5313094478170517,128,384
mmse,new_injury_severity2:months_since_bl_exam,-0.0024200549844599346,0.0032387878445345086,-0.7472100985385026,-0.008767962513313682,0.003927852544393812,13187.44165427172,0.4662933477195555,2.5313094478170517,128,384
mmse,sd__(Intercept),1.5770245539131205,NA,NA,NA,NA,13187.44165427172,0.4662933477195555,2.5313094478170517,128,384
mmse,sd__Observation,1.9815827697477861,NA,NA,NA,NA,13187.44165427172,0.4662933477195555,2.5313094478170517,128,384
ravlt_immediate,(Intercept),80.03379118844079,4.2028327375804375,19.04282092237534,71.79639038973725,88.27119198714432,19752.325496426936,0.38198251774135566,10.127459888732457,128,384
ravlt_immediate,new_injury_severity1,-1.1092920701840518,1.1507313682108231,-0.9639887299750924,-3.3646841077577645,1.1460999673896608,19752.325496426936,0.38198251774135566,10.127459888732457,128,384
ravlt_immediate,new_injury_severity2,-2.9371512845514407,1.2479329111807982,-2.3536131295490064,-5.383054845588027,-0.4912477235148547,19752.325496426936,0.38198251774135566,10.127459888732457,128,384
ravlt_immediate,months_since_bl_exam,-0.01722173071194036,0.004786389555253137,-3.5980629058993414,-0.02660288185621519,-0.007840579567665524,19752.325496426936,0.38198251774135566,10.127459888732457,128,384
ravlt_immediate,age,-0.46019478869826713,0.05606275565359002,-8.208565264643715,-0.5700757706533729,-0.3503138067431614,19752.325496426936,0.38198251774135566,10.127459888732457,128,384
ravlt_immediate,ptgenderMale,-3.681491932257672,0.7848649328408795,-4.69060570578969,-5.219798933354244,-2.1431849311611,19752.325496426936,0.38198251774135566,10.127459888732457,128,384
ravlt_immediate,apoe41,-3.6803389232543613,0.837873231349288,-4.39247703059763,-5.322540280309162,-2.038137566199561,19752.325496426936,0.38198251774135566,10.127459888732457,128,384
ravlt_immediate,apoe42,-8.330210257522848,1.3662976009969945,-6.096922260160781,-11.008104347640433,-5.652316167405263,19752.325496426936,0.38198251774135566,10.127459888732457,128,384
ravlt_immediate,dxMCI,-5.949304112165229,0.4931395115529578,-12.064140010663774,-6.9158397941627,-4.9827684301677575,19752.325496426936,0.38198251774135566,10.127459888732457,128,384
ravlt_immediate,dxDementia,-13.115368734734037,0.6352600852765269,-20.645667874796438,-14.360455622691873,-11.870281846776201,19752.325496426936,0.38198251774135566,10.127459888732457,128,384
ravlt_immediate,new_injury_severity1:months_since_bl_exam,-0.03524456278461006,0.009833940253981174,-3.583971620159238,-0.05451873150853183,-0.01597039406068829,19752.325496426936,0.38198251774135566,10.127459888732457,128,384
ravlt_immediate,new_injury_severity2:months_since_bl_exam,0.0021991932057666475,0.009809524354691974,0.22418958618668966,-0.01702712123489813,0.02142550764643143,19752.325496426936,0.38198251774135566,10.127459888732457,128,384
ravlt_immediate,sd__(Intercept),8.182206027133594,NA,NA,NA,NA,19752.325496426936,0.38198251774135566,10.127459888732457,128,384
ravlt_immediate,sd__Observation,5.7337404316712854,NA,NA,NA,NA,19752.325496426936,0.38198251774135566,10.127459888732457,128,384
ravlt_learning,(Intercept),11.661095962111416,0.8104949656995679,14.387622941058364,10.072555019689236,13.249636904533595,12796.23672906323,0.25025790255379793,2.4235761257610444,128,384
ravlt_learning,new_injury_severity1,-0.0167103225094432,0.22965641177155105,-0.0727622729125702,-0.4668286184003837,0.4334079733814973,12796.23672906323,0.25025790255379793,2.4235761257610444,128,384
ravlt_learning,new_injury_severity2,-0.7225954790009934,0.24872593025038517,-2.9051875623646377,-1.2100893443129697,-0.23510161368901705,12796.23672906323,0.25025790255379793,2.4235761257610444,128,384
ravlt_learning,months_since_bl_exam,-0.004542163686344841,0.0015383296010304521,-2.95265961423499,-0.0075572343007163974,-0.0015270930719732852,12796.23672906323,0.25025790255379793,2.4235761257610444,128,384
ravlt_learning,age,-0.0752256282757569,0.010779482571659582,-6.9785936176132575,-0.0963530258881869,-0.054098230663326925,12796.23672906323,0.25025790255379793,2.4235761257610444,128,384
ravlt_learning,ptgenderMale,-0.3120145752768762,0.15054468370951085,-2.0725711967281133,-0.6070767334114913,-0.0169524171422612,12796.23672906323,0.25025790255379793,2.4235761257610444,128,384
ravlt_learning,apoe41,-0.3408363252552242,0.1619146051773454,-2.1050375590386396,-0.6581831199738437,-0.02348953053660474,12796.23672906323,0.25025790255379793,2.4235761257610444,128,384
ravlt_learning,apoe42,-1.3189720101933937,0.2694279308853033,-4.89545388208057,-1.8470410511577349,-0.7909029692290525,12796.23672906323,0.25025790255379793,2.4235761257610444,128,384
ravlt_learning,dxMCI,-1.2501240792447093,0.13264715637786748,-9.42443180375102,-1.510107728396982,-0.9901404300924366,12796.23672906323,0.25025790255379793,2.4235761257610444,128,384
ravlt_learning,dxDementia,-2.9811752350787843,0.17002433862161795,-17.533814624700675,-3.314416815272398,-2.6479336548851706,12796.23672906323,0.25025790255379793,2.4235761257610444,128,384
ravlt_learning,new_injury_severity1:months_since_bl_exam,-0.007135726632483873,0.003197177886154909,-2.231882893780948,-0.013402080141515393,-8.693731234523522e-4,12796.23672906323,0.25025790255379793,2.4235761257610444,128,384
ravlt_learning,new_injury_severity2:months_since_bl_exam,0.0035885980708520544,0.003179260750175068,1.1287523587533503,-0.002642638496952872,0.009819834638656981,12796.23672906323,0.25025790255379793,2.4235761257610444,128,384
ravlt_learning,sd__(Intercept),1.3979312467217782,NA,NA,NA,NA,12796.23672906323,0.25025790255379793,2.4235761257610444,128,384
ravlt_learning,sd__Observation,1.9079577089442532,NA,NA,NA,NA,12796.23672906323,0.25025790255379793,2.4235761257610444,128,384
ravlt_forgetting,(Intercept),1.006073435526175,0.798338839244513,1.2602085556531937,-0.5586419368525821,2.5707888079049317,13575.916010755504,0.03345125918772638,2.623624611477757,128,384
ravlt_forgetting,new_injury_severity1,-0.06014782239214075,0.23249328579148,-0.25870778240919395,-0.5158262891908193,0.39553064440653785,13575.916010755504,0.03345125918772638,2.623624611477757,128,384
ravlt_forgetting,new_injury_severity2,-0.32898472536662077,0.2512728672026445,-1.3092727799428652,-0.8214704953759198,0.16350104464267817,13575.916010755504,0.03345125918772638,2.623624611477757,128,384
ravlt_forgetting,months_since_bl_exam,-0.003203687026526089,0.0017918911050385639,-1.7878804228213083,-0.006715729056619352,3.083550035671745e-4,13575.916010755504,0.03345125918772638,2.623624611477757,128,384
ravlt_forgetting,age,0.03540371398707839,0.010597386243060034,3.340796794140008,0.014633218620420493,0.05617420935373628,13575.916010755504,0.03345125918772638,2.623624611477757,128,384
ravlt_forgetting,ptgenderMale,0.1948344956193041,0.14794622286979336,1.3169278122820132,-0.09513477285422689,0.4848037640928351,13575.916010755504,0.03345125918772638,2.623624611477757,128,384
ravlt_forgetting,apoe41,0.42669504295216615,0.1594718436436578,2.6756763651997564,0.11413597286239419,0.7392541130419381,13575.916010755504,0.03345125918772638,2.623624611477757,128,384
ravlt_forgetting,apoe42,0.8757666609252615,0.2680986115208325,3.2665840973861604,0.3503030380392347,1.4012302838112882,13575.916010755504,0.03345125918772638,2.623624611477757,128,384
ravlt_forgetting,dxMCI,0.9004244685704718,0.1416697197222729,6.35580045147015,0.6227569202149331,1.1780920169260103,13575.916010755504,0.03345125918772638,2.623624611477757,128,384
ravlt_forgetting,dxDementia,0.29069612089021313,0.1825192455394659,1.5926875000551997,-0.0670350268525629,0.6484272686329892,13575.916010755504,0.03345125918772638,2.623624611477757,128,384
ravlt_forgetting,new_injury_severity1:months_since_bl_exam,0.007218894669111195,0.003765080445582052,1.9173281350686282,-1.605274031256437e-4,0.014598316741348035,13575.916010755504,0.03345125918772638,2.623624611477757,128,384
ravlt_forgetting,new_injury_severity2:months_since_bl_exam,0.007935275778183815,0.0037060088838115454,2.1411917852777957,6.716318395277015e-4,0.015198919716839928,13575.916010755504,0.03345125918772638,2.623624611477757,128,384
ravlt_forgetting,sd__(Intercept),1.2547812735709774,NA,NA,NA,NA,13575.916010755504,0.03345125918772638,2.623624611477757,128,384
ravlt_forgetting,sd__Observation,2.2647955028738664,NA,NA,NA,NA,13575.916010755504,0.03345125918772638,2.623624611477757,128,384
ravlt_perc_forgetting,(Intercept),-38.18527380267734,10.547234218138911,-3.6204063561049122,-58.857473006738076,-17.5130745986166,27193.067738288668,0.2819624855724646,30.491983244326946,128,384
ravlt_perc_forgetting,new_injury_severity1,-0.09886266566309451,2.9690444463813273,-0.03329780589293245,-5.918082849069158,5.720357517742968,27193.067738288668,0.2819624855724646,30.491983244326946,128,384
ravlt_perc_forgetting,new_injury_severity2,1.4210455041787267,3.216821923513381,0.4417544825194038,-4.883809610586359,7.725900618943812,27193.067738288668,0.2819624855724646,30.491983244326946,128,384
ravlt_perc_forgetting,months_since_bl_exam,-0.004277266368020789,0.01874111073022743,-0.22822907508475532,-0.0410091684295437,0.03245463569350212,27193.067738288668,0.2819624855724646,30.491983244326946,128,384
ravlt_perc_forgetting,age,0.9772100010778417,0.14037526790616137,6.961411476921213,0.7020795316616042,1.2523404704940793,27193.067738288668,0.2819624855724646,30.491983244326946,128,384
ravlt_perc_forgetting,ptgenderMale,3.8736594638314497,1.96251683908988,1.9738222809990589,0.027197140161897337,7.720121787501002,27193.067738288668,0.2819624855724646,30.491983244326946,128,384
ravlt_perc_forgetting,apoe41,8.17423434188553,2.107996466223214,3.877726776521061,4.042637188550327,12.305831495220733,27193.067738288668,0.2819624855724646,30.491983244326946,128,384
ravlt_perc_forgetting,apoe42,21.710253480873963,3.497393046787891,6.207553223339682,14.85548906938889,28.565017892359037,27193.067738288668,0.2819624855724646,30.491983244326946,128,384
ravlt_perc_forgetting,dxMCI,19.895058653130405,1.6640602237484805,11.955732352230964,16.63356054647772,23.15655675978309,27193.067738288668,0.2819624855724646,30.491983244326946,128,384
ravlt_perc_forgetting,dxDementia,37.887589318500616,2.1416587024037197,17.69076897078744,33.690015394612544,42.08516324238869,27193.067738288668,0.2819624855724646,30.491983244326946,128,384
ravlt_perc_forgetting,new_injury_severity1:months_since_bl_exam,0.14524530303038555,0.03937178276289676,3.689071025944551,0.06807802680797301,0.2224125792527981,27193.067738288668,0.2819624855724646,30.491983244326946,128,384
ravlt_perc_forgetting,new_injury_severity2:months_since_bl_exam,0.08123345335593386,0.03866573655427029,2.1009157097503253,0.005450002273850271,0.15701690443801747,27193.067738288668,0.2819624855724646,30.491983244326946,128,384
ravlt_perc_forgetting,sd__(Intercept),18.671187288184196,NA,NA,NA,NA,27193.067738288668,0.2819624855724646,30.491983244326946,128,384
ravlt_perc_forgetting,sd__Observation,23.036654141004732,NA,NA,NA,NA,27193.067738288668,0.2819624855724646,30.491983244326946,128,384
ldeltotal,(Intercept),23.10187616754068,1.7024747954533674,13.569584835697185,19.765086883864885,26.438665451216476,12488.71119580802,0.5060626882747881,4.238740078315287,128,384
ldeltotal,new_injury_severity1,-0.2610422955671937,0.4741180737125116,-0.5505849914624443,-1.1902966444632228,0.6682120533288354,12488.71119580802,0.5060626882747881,4.238740078315287,128,384
ldeltotal,new_injury_severity2,-0.8093101484287586,0.5140109421043061,-1.5744998445276845,-1.8167530826127012,0.198132785755184,12488.71119580802,0.5060626882747881,4.238740078315287,128,384
ldeltotal,months_since_bl_exam,0.009726876569696393,0.0023148500254378404,4.201946762342243,0.0051898538902265985,0.014263899249166188,12488.71119580802,0.5060626882747881,4.238740078315287,128,384
ldeltotal,age,-0.13428875184660252,0.0226910163913084,-5.918146174273652,-0.178762326746175,-0.08981517694703003,12488.71119580802,0.5060626882747881,4.238740078315287,128,384
ldeltotal,ptgenderMale,-0.36280978912432477,0.31758189220281885,-1.142413336628846,-0.9852588599839314,0.2596392817352819,12488.71119580802,0.5060626882747881,4.238740078315287,128,384
ldeltotal,apoe41,-1.978033422136054,0.34002284909185115,-5.817354414325619,-2.64446596027678,-1.3116008839953281,12488.71119580802,0.5060626882747881,4.238740078315287,128,384
ldeltotal,apoe42,-3.912271311643312,0.5602676859815313,-6.982860888700756,-5.01037579786871,-2.8141668254179146,12488.71119580802,0.5060626882747881,4.238740078315287,128,384
ldeltotal,dxMCI,-4.0399633351245114,0.22819667343601197,-17.703866030533295,-4.487220596450943,-3.5927060737980803,12488.71119580802,0.5060626882747881,4.238740078315287,128,384
ldeltotal,dxDementia,-7.7454968128814246,0.2925928978486479,-26.47192351499935,-8.318968354796981,-7.172025270965868,12488.71119580802,0.5060626882747881,4.238740078315287,128,384
ldeltotal,new_injury_severity1:months_since_bl_exam,-0.01737037917476173,0.00482921849479639,-3.5969337882472643,-0.026835473498037384,-0.007905284851486078,12488.71119580802,0.5060626882747881,4.238740078315287,128,384
ldeltotal,new_injury_severity2:months_since_bl_exam,0.002882703249556112,0.004726553933948606,0.6098953465549214,-0.0063811722319692624,0.012146578731081487,12488.71119580802,0.5060626882747881,4.238740078315287,128,384
ldeltotal,sd__(Intercept),3.192676699138505,NA,NA,NA,NA,12488.71119580802,0.5060626882747881,4.238740078315287,128,384
ldeltotal,sd__Observation,2.6010320890150442,NA,NA,NA,NA,12488.71119580802,0.5060626882747881,4.238740078315287,128,384
trabscor,(Intercept),-104.77125874855415,25.87757307254616,-4.048728157576233,-155.4903699780481,-54.05214751906018,30132.081622018693,0.2715828205850802,59.63334314806011,125,384
trabscor,new_injury_severity1,-1.4570908257085418,7.059800875493684,-0.20639262373057357,-15.294046279700503,12.379864628283418,30132.081622018693,0.2715828205850802,59.63334314806011,125,384
trabscor,new_injury_severity2,6.729292913697268,7.831675468052611,0.8592405215394534,-8.620508942291716,22.07909476968625,30132.081622018693,0.2715828205850802,59.63334314806011,125,384
trabscor,months_since_bl_exam,0.11685376050649017,0.032073962383196666,3.643259261528257,0.05398994939393224,0.1797175716190481,30132.081622018693,0.2715828205850802,59.63334314806011,125,384
trabscor,age,2.6275828621679147,0.34472134318134295,7.62233877925469,1.9519414448302106,3.303224279505619,30132.081622018693,0.2715828205850802,59.63334314806011,125,384
trabscor,ptgenderMale,-8.765385251825137,4.807006259706161,-1.823460336488295,-18.186944394307805,0.6561738906575307,30132.081622018693,0.2715828205850802,59.63334314806011,125,384
trabscor,apoe41,16.270196968246392,5.15025381354034,3.1591058532826137,6.175884982467261,26.364508954025524,30132.081622018693,0.2715828205850802,59.63334314806011,125,384
trabscor,apoe42,31.931648272856577,8.47495701787671,3.76776521762899,15.32103774729325,48.54225879841991,30132.081622018693,0.2715828205850802,59.63334314806011,125,384
trabscor,dxMCI,18.86778979912046,3.236892457762674,5.828982595288876,12.523597160076282,25.211982438164636,30132.081622018693,0.2715828205850802,59.63334314806011,125,384
trabscor,dxDementia,69.19153256628151,4.229330434610561,16.359925911689306,60.90219723572568,77.48086789683734,30132.081622018693,0.2715828205850802,59.63334314806011,125,384
trabscor,new_injury_severity1:months_since_bl_exam,0.2716041821125541,0.06702227050077555,4.0524467476733905,0.14024294576893276,0.40296541845617545,30132.081622018693,0.2715828205850802,59.63334314806011,125,384
trabscor,new_injury_severity2:months_since_bl_exam,0.01482522133698891,0.06572394255263132,0.22556804660823512,-0.11399133898814795,0.14364178166212577,30132.081622018693,0.2715828205850802,59.63334314806011,125,384
trabscor,sd__(Intercept),49.37761987915384,NA,NA,NA,NA,30132.081622018693,0.2715828205850802,59.63334314806011,125,384
trabscor,sd__Observation,38.35273240881375,NA,NA,NA,NA,30132.081622018693,0.2715828205850802,59.63334314806011,125,384
faq,(Intercept),-6.9347744554931285,1.9138340656800057,-3.6234982853798923,-10.685820296611803,-3.183728614374454,15883.87862147109,0.5836508168356916,4.70531173378634,127,384
faq,new_injury_severity1,-1.0601703197085977,0.5265675328784819,-2.01336059197037,-2.0922237195785325,-0.028116919838662602,15883.87862147109,0.5836508168356916,4.70531173378634,127,384
faq,new_injury_severity2,2.2189823298829356,0.5732665169336475,3.8707691175686976,1.0954006031502659,3.3425640566156054,15883.87862147109,0.5836508168356916,4.70531173378634,127,384
faq,months_since_bl_exam,0.012281837123088632,0.0025426230199384705,4.830380684347711,0.007298387577746763,0.0172652866684305,15883.87862147109,0.5836508168356916,4.70531173378634,127,384
faq,age,0.10562120047286508,0.02550522836694709,4.141158783339593,0.05563187145617946,0.1556105294895507,15883.87862147109,0.5836508168356916,4.70531173378634,127,384
faq,ptgenderMale,-0.20769715465642893,0.3563146793862895,-0.5829037271609552,-0.9060610934164927,0.49066678410363485,15883.87862147109,0.5836508168356916,4.70531173378634,127,384
faq,apoe41,0.2351080442372396,0.3811075691216527,0.6169073072442472,-0.5118490654768088,0.982065153951288,15883.87862147109,0.5836508168356916,4.70531173378634,127,384
faq,apoe42,1.828455612632696,0.6281997849929086,2.9106275683512632,0.5972066589507898,3.0597045663146023,15883.87862147109,0.5836508168356916,4.70531173378634,127,384
faq,dxMCI,2.156787212452158,0.25172533111372564,8.568018176437535,1.663414629472836,2.65015979543148,15883.87862147109,0.5836508168356916,4.70531173378634,127,384
faq,dxDementia,11.96356276149832,0.3200095998018307,37.38501210247093,11.336355471179656,12.590770051816984,15883.87862147109,0.5836508168356916,4.70531173378634,127,384
faq,new_injury_severity1:months_since_bl_exam,0.03586788195792519,0.005213191791728987,6.880215305876821,0.02565021380163654,0.046085550114213836,15883.87862147109,0.5836508168356916,4.70531173378634,127,384
faq,new_injury_severity2:months_since_bl_exam,-0.012282639649270595,0.005152140867666843,-2.3839875431885877,-0.02238065019317455,-0.0021846291053666395,15883.87862147109,0.5836508168356916,4.70531173378634,127,384
faq,sd__(Intercept),3.640465483209948,NA,NA,NA,NA,15883.87862147109,0.5836508168356916,4.70531173378634,127,384
faq,sd__Observation,3.0393858329499017,NA,NA,NA,NA,15883.87862147109,0.5836508168356916,4.70531173378634,127,384
moca,(Intercept),35.94771989670691,1.3281778318420692,27.06544186696031,33.34453918123196,38.550900612181856,12620.466217838442,0.43434738643587195,3.2307161812029053,103,384
moca,new_injury_severity1,-0.4122701267146827,0.4132438303818171,-0.9976437551015952,-1.2222131510964231,0.39767289766705766,12620.466217838442,0.43434738643587195,3.2307161812029053,103,384
moca,new_injury_severity2,-1.8931231544286389,0.46757917856411574,-4.048775568326657,-2.8095615043351283,-0.9766848045221493,12620.466217838442,0.43434738643587195,3.2307161812029053,103,384
moca,months_since_bl_exam,-0.0068945862017159324,0.0018606165769738516,-3.705538415082511,-0.010541327681622878,-0.003247844721808987,12620.466217838442,0.43434738643587195,3.2307161812029053,103,384
moca,age,-0.13855373609227753,0.01771264669106526,-7.82230563895162,-0.173269885677648,-0.10383758650690707,12620.466217838442,0.43434738643587195,3.2307161812029053,103,384
moca,ptgenderMale,0.15718295339896857,0.25119637346471224,0.6257373513437663,-0.33515289163894024,0.6495187984368773,12620.466217838442,0.43434738643587195,3.2307161812029053,103,384
moca,apoe41,-0.7683315339597968,0.26772832732982993,-2.8698178546241206,-1.293069413167414,-0.24359365475217964,12620.466217838442,0.43434738643587195,3.2307161812029053,103,384
moca,apoe42,-2.227358023400002,0.444672420316484,-5.008986214649287,-3.0988999521385674,-1.3558160946614366,12620.466217838442,0.43434738643587195,3.2307161812029053,103,384
moca,dxMCI,-1.6278393493718781,0.18553151551633795,-8.773923636863357,-1.9914744377810347,-1.2642042609627215,12620.466217838442,0.43434738643587195,3.2307161812029053,103,384
moca,dxDementia,-5.676774614770071,0.24277546531825786,-23.38281838870458,-6.15260578312381,-5.200943446416333,12620.466217838442,0.43434738643587195,3.2307161812029053,103,384
moca,new_injury_severity1:months_since_bl_exam,-0.004493045640970227,0.004557102662421138,-0.9859434763278124,-0.013424802733167249,0.004438711451226794,12620.466217838442,0.43434738643587195,3.2307161812029053,103,384
moca,new_injury_severity2:months_since_bl_exam,-0.0014793482511938887,0.004688290210931163,-0.31554110019568704,-0.010668228213690659,0.0077095317113028815,12620.466217838442,0.43434738643587195,3.2307161812029053,103,384
moca,sd__(Intercept),2.4512937018770655,NA,NA,NA,NA,12620.466217838442,0.43434738643587195,3.2307161812029053,103,384
moca,sd__Observation,2.223989050332939,NA,NA,NA,NA,12620.466217838442,0.43434738643587195,3.2307161812029053,103,384
ecog_pt_mem,(Intercept),1.9151114433365664,0.28679820975997755,6.677557174918665,1.3529972813764468,2.477225605296686,4163.935866630132,0.1197229665130234,0.7096529890081007,104,384
ecog_pt_mem,new_injury_severity1,-0.03537938177924768,0.08755581495583177,-0.40407803635995043,-0.20698562572973134,0.13622686217123597,4163.935866630132,0.1197229665130234,0.7096529890081007,104,384
ecog_pt_mem,new_injury_severity2,-0.09811316679427359,0.10055892147611249,-0.9756783918727701,-0.29520503121164543,0.09897869762309822,4163.935866630132,0.1197229665130234,0.7096529890081007,104,384
ecog_pt_mem,months_since_bl_exam,2.5931168016903814e-4,3.5640050933745604e-4,0.7275850437225672,-4.392204822041068e-4,9.57843842542183e-4,4163.935866630132,0.1197229665130234,0.7096529890081007,104,384
ecog_pt_mem,age,-0.0019181321474903274,0.0038270135298241704,-0.5012086141170383,-0.009418940834293203,0.005582676539312549,4163.935866630132,0.1197229665130234,0.7096529890081007,104,384
ecog_pt_mem,ptgenderMale,0.10565281915819297,0.05432768633723069,1.9447325347589712,-8.274894261679211e-4,0.21213312774255386,4163.935866630132,0.1197229665130234,0.7096529890081007,104,384
ecog_pt_mem,apoe41,0.0984313926885213,0.057811836556434626,1.7026166015749176,-0.014877724842206633,0.21174051021924922,4163.935866630132,0.1197229665130234,0.7096529890081007,104,384
ecog_pt_mem,apoe42,0.29182067071618606,0.09568056332358155,3.049947247167425,0.10429021258146226,0.47935112885090986,4163.935866630132,0.1197229665130234,0.7096529890081007,104,384
ecog_pt_mem,dxMCI,0.30593817632563075,0.03705269068408066,8.25684101956661,0.2333162370545299,0.37856011559673164,4163.935866630132,0.1197229665130234,0.7096529890081007,104,384
ecog_pt_mem,dxDementia,0.3348500172962929,0.04862361147386333,6.886572328677909,0.23954949000925224,0.4301505445833335,4163.935866630132,0.1197229665130234,0.7096529890081007,104,384
ecog_pt_mem,new_injury_severity1:months_since_bl_exam,4.417232665405587e-4,8.790377858989536e-4,0.5025077119851311,-0.001281159134871221,0.0021646056679523384,4163.935866630132,0.1197229665130234,0.7096529890081007,104,384
ecog_pt_mem,new_injury_severity2:months_since_bl_exam,3.916967428848178e-4,8.984437853057193e-4,0.43597245513978666,-0.0013692207184482282,0.0021526142042178637,4163.935866630132,0.1197229665130234,0.7096529890081007,104,384
ecog_pt_mem,sd__(Intercept),0.5395884873814543,NA,NA,NA,NA,4163.935866630132,0.1197229665130234,0.7096529890081007,104,384
ecog_pt_mem,sd__Observation,0.42920897105332073,NA,NA,NA,NA,4163.935866630132,0.1197229665130234,0.7096529890081007,104,384
ecog_pt_lang,(Intercept),1.4292465741977776,0.2682773643590578,5.327495957821095,0.9034326021866949,1.9550605462088604,3339.391380044695,0.027206615501837145,0.6280432218419294,104,384
ecog_pt_lang,new_injury_severity1,0.0021661047730202653,0.08095787683983154,0.0267559483718394,-0.15650841809787888,0.1608406276439194,3339.391380044695,0.027206615501837145,0.6280432218419294,104,384
ecog_pt_lang,new_injury_severity2,-0.10684215410871825,0.09283448678923821,-1.1508886169778867,-0.2887944047388845,0.07511009652144804,3339.391380044695,0.027206615501837145,0.6280432218419294,104,384
ecog_pt_lang,months_since_bl_exam,0.0010956823891692723,3.002486686453999e-4,3.64924978389595,5.07205812218188e-4,0.0016841589661203565,3339.391380044695,0.027206615501837145,0.6280432218419294,104,384
ecog_pt_lang,age,0.001182361017823011,0.003580839300946315,0.3301910302175655,-0.005835955046457349,0.008200677082103371,3339.391380044695,0.027206615501837145,0.6280432218419294,104,384
ecog_pt_lang,ptgenderMale,0.10650591952571263,0.05084388823197648,2.094763465763609,0.006853729757058863,0.2061581092943664,3339.391380044695,0.027206615501837145,0.6280432218419294,104,384
ecog_pt_lang,apoe41,0.07803212711579337,0.05402940889266829,1.444252837761144,-0.02786356841982457,0.1839278226514113,3339.391380044695,0.027206615501837145,0.6280432218419294,104,384
ecog_pt_lang,apoe42,0.08914312628632258,0.08924997607309551,0.9988028031885923,-0.08578361243800615,0.26406986501065133,3339.391380044695,0.027206615501837145,0.6280432218419294,104,384
ecog_pt_lang,dxMCI,0.16859727608708674,0.03212001536734913,5.24897868693022,0.10564320278420938,0.2315513493899641,3339.391380044695,0.027206615501837145,0.6280432218419294,104,384
ecog_pt_lang,dxDementia,0.14322844368339727,0.04223672774309114,3.391087599271367,0.06044597848211493,0.22601090888467962,3339.391380044695,0.027206615501837145,0.6280432218419294,104,384
ecog_pt_lang,new_injury_severity1:months_since_bl_exam,-0.0010105248567808432,7.445475257001844e-4,-1.3572335168672134,-0.0024698111919316144,4.487614783699281e-4,3339.391380044695,0.027206615501837145,0.6280432218419294,104,384
ecog_pt_lang,new_injury_severity2:months_since_bl_exam,8.208288273416465e-4,7.596460104126171e-4,1.0805412206348544,-6.680499940666214e-4,0.0023097076487499143,3339.391380044695,0.027206615501837145,0.6280432218419294,104,384
ecog_pt_lang,sd__(Intercept),0.5122283801320372,NA,NA,NA,NA,3339.391380044695,0.027206615501837145,0.6280432218419294,104,384
ecog_pt_lang,sd__Observation,0.3596737260635973,NA,NA,NA,NA,3339.391380044695,0.027206615501837145,0.6280432218419294,104,384
ecog_pt_visspat,(Intercept),0.9890327388463963,0.20816745574857107,4.751140063127689,0.5810320228258616,1.397033454866931,2699.8146466995845,0.05782334807914357,0.5144569667194248,104,384
ecog_pt_visspat,new_injury_severity1,-0.08064656543533207,0.06396216493061133,-1.2608479641491284,-0.20601010507254114,0.044716974201876994,2699.8146466995845,0.05782334807914357,0.5144569667194248,104,384
ecog_pt_visspat,new_injury_severity2,-0.023314125463633824,0.07369687870837553,-0.31635159958252357,-0.16775735350506657,0.12112910257779894,2699.8146466995845,0.05782334807914357,0.5144569667194248,104,384
ecog_pt_visspat,months_since_bl_exam,9.429441956386207e-4,2.743159748035403e-4,3.437438145240862,4.0529476463968485e-4,0.0014805936266375566,2699.8146466995845,0.05782334807914357,0.5144569667194248,104,384
ecog_pt_visspat,age,0.003167390861139649,0.002776856799773141,1.140638891209087,-0.0022751484566408573,0.008609930178920155,2699.8146466995845,0.05782334807914357,0.5144569667194248,104,384
ecog_pt_visspat,ptgenderMale,0.033542004775023955,0.03940877495697289,0.8511303589529396,-0.043697774815486916,0.11078178436553482,2699.8146466995845,0.05782334807914357,0.5144569667194248,104,384
ecog_pt_visspat,apoe41,0.05630635878038263,0.0419504509969302,1.3422110476119302,-0.025915014308812954,0.1385277318695782,2699.8146466995845,0.05782334807914357,0.5144569667194248,104,384
ecog_pt_visspat,apoe42,0.2098517384119037,0.06962884175098383,3.0138622607339087,0.07338171629473658,0.3463217605290708,2699.8146466995845,0.05782334807914357,0.5144569667194248,104,384
ecog_pt_visspat,dxMCI,0.13481217448720878,0.02799592805795284,4.815420807202443,0.07994116377984685,0.18968318519457072,2699.8146466995845,0.05782334807914357,0.5144569667194248,104,384
ecog_pt_visspat,dxDementia,0.20964171707003307,0.03677831351832748,5.700144922783471,0.13755754716198862,0.28172588697807754,2699.8146466995845,0.05782334807914357,0.5144569667194248,104,384
ecog_pt_visspat,new_injury_severity1:months_since_bl_exam,5.706802940312974e-5,6.755964217341742e-4,0.08447059156506931,-0.0012670766252799847,0.0013812126840862444,2699.8146466995845,0.05782334807914357,0.5144569667194248,104,384
ecog_pt_visspat,new_injury_severity2:months_since_bl_exam,7.999973688979965e-5,6.910185049222705e-4,0.11577075913299666,-0.0012743716454085643,0.0014343711191881637,2699.8146466995845,0.05782334807914357,0.5144569667194248,104,384
ecog_pt_visspat,sd__(Intercept),0.3873603765337483,NA,NA,NA,NA,2699.8146466995845,0.05782334807914357,0.5144569667194248,104,384
ecog_pt_visspat,sd__Observation,0.32938406386504315,NA,NA,NA,NA,2699.8146466995845,0.05782334807914357,0.5144569667194248,104,384
ecog_pt_plan,(Intercept),0.973928626837165,0.22837855424555065,4.264536265476159,0.5263148856745588,1.4215423679997712,2928.4234212279275,0.051180990786417815,0.5603700824648994,104,384
ecog_pt_plan,new_injury_severity1,-0.004744946033091129,0.06971812551415212,-0.06805900184634123,-0.1413899611104723,0.13190006904429002,2928.4234212279275,0.051180990786417815,0.5603700824648994,104,384
ecog_pt_plan,new_injury_severity2,-0.025881876528063688,0.07994581401457,-0.3237427355902181,-0.18257279271135834,0.130809039655231,2928.4234212279275,0.051180990786417815,0.5603700824648994,104,384
ecog_pt_plan,months_since_bl_exam,7.575007915010479e-4,2.8243145329092463e-4,2.682069516955563,2.039453149495292e-4,0.0013110562680525666,2928.4234212279275,0.051180990786417815,0.5603700824648994,104,384
ecog_pt_plan,age,0.0029563169198596564,0.003047418639247733,0.9701052824791525,-0.0030165138588819584,0.00892914769860127,2928.4234212279275,0.051180990786417815,0.5603700824648994,104,384
ecog_pt_plan,ptgenderMale,0.1275980758314157,0.04327595902138182,2.948474827984099,0.04277875475307609,0.2124173969097553,2928.4234212279275,0.051180990786417815,0.5603700824648994,104,384
ecog_pt_plan,apoe41,0.07170261134889157,0.04601701949085089,1.5581759127869526,-0.018489089529053843,0.16189431222683698,2928.4234212279275,0.051180990786417815,0.5603700824648994,104,384
ecog_pt_plan,apoe42,0.19718327977285882,0.07636370931307103,2.582159530313797,0.047513159793353715,0.34685339975236396,2928.4234212279275,0.051180990786417815,0.5603700824648994,104,384
ecog_pt_plan,dxMCI,0.13562917592949644,0.02942079232070901,4.609977000314447,0.0779654825842742,0.19329286927471867,2928.4234212279275,0.051180990786417815,0.5603700824648994,104,384
ecog_pt_plan,dxDementia,0.21662657231815505,0.03866433330131661,5.602749454644764,0.14084587156132183,0.29240727307498826,2928.4234212279275,0.051180990786417815,0.5603700824648994,104,384
ecog_pt_plan,new_injury_severity1:months_since_bl_exam,-3.399535568287403e-4,6.962580704942893e-4,-0.48825797679788413,-0.001704594298942897,0.0010246871852854164,2928.4234212279275,0.051180990786417815,0.5603700824648994,104,384
ecog_pt_plan,new_injury_severity2:months_since_bl_exam,7.171946390965243e-4,7.108239530327282e-4,1.0089623964367205,-6.759947081960137e-4,0.0021103839863890624,2928.4234212279275,0.051180990786417815,0.5603700824648994,104,384
ecog_pt_plan,sd__(Intercept),0.4298246025178968,NA,NA,NA,NA,2928.4234212279275,0.051180990786417815,0.5603700824648994,104,384
ecog_pt_plan,sd__Observation,0.33926276887011425,NA,NA,NA,NA,2928.4234212279275,0.051180990786417815,0.5603700824648994,104,384
ecog_pt_organ,(Intercept),1.1419784316342898,0.2632734682500098,4.337613050130232,0.6259719157793213,1.6579849474892583,3403.5911548345543,0.027440383431469692,0.6368779227628475,103,384
ecog_pt_organ,new_injury_severity1,0.09751225646548833,0.07960417286400961,1.2249641313662247,-0.058509055367071156,0.25353356829804785,3403.5911548345543,0.027440383431469692,0.6368779227628475,103,384
ecog_pt_organ,new_injury_severity2,0.004124743373455683,0.09263398864025621,0.0445273212780906,-0.17743453810573895,0.1856840248526503,3403.5911548345543,0.027440383431469692,0.6368779227628475,103,384
ecog_pt_organ,months_since_bl_exam,0.0011611331323501625,3.1147989313590484e-4,3.7277948205906735,5.506437598954044e-4,0.0017716225048049206,3403.5911548345543,0.027440383431469692,0.6368779227628475,103,384
ecog_pt_organ,age,0.0025812580769453202,0.003511501966814559,0.7350866100430794,-0.004301159309652778,0.009463675463543418,3403.5911548345543,0.027440383431469692,0.6368779227628475,103,384
ecog_pt_organ,ptgenderMale,0.11094211905153978,0.04981094718583542,2.227263790781478,0.01331445653147563,0.20856978157160394,3403.5911548345543,0.027440383431469692,0.6368779227628475,103,384
ecog_pt_organ,apoe41,-0.018027152203626152,0.05298254677482208,-0.3402469926604748,-0.1218710356914862,0.08581673128423391,3403.5911548345543,0.027440383431469692,0.6368779227628475,103,384
ecog_pt_organ,apoe42,-0.0027539407821283376,0.08759230047658861,-0.03144044359086564,-0.1744316950392526,0.1689238134749959,3403.5911548345543,0.027440383431469692,0.6368779227628475,103,384
ecog_pt_organ,dxMCI,0.1955774718855579,0.032682630858301226,5.984141017701523,0.13152069248327014,0.2596342512878457,3403.5911548345543,0.027440383431469692,0.6368779227628475,103,384
ecog_pt_organ,dxDementia,0.26403741407007575,0.04325685242465794,6.103944213924476,0.1792555412331821,0.3488192869069694,3403.5911548345543,0.027440383431469692,0.6368779227628475,103,384
ecog_pt_organ,new_injury_severity1:months_since_bl_exam,-0.0012912318688860728,7.658053498275665e-4,-1.6861097525328266,-0.0027921827737161994,2.0971903594405408e-4,3403.5911548345543,0.027440383431469692,0.6368779227628475,103,384
ecog_pt_organ,new_injury_severity2:months_since_bl_exam,8.470333360300115e-5,7.956690710370644e-4,0.10645548091067554,-0.0014747793892420865,0.0016441860564480888,3403.5911548345543,0.027440383431469692,0.6368779227628475,103,384
ecog_pt_organ,sd__(Intercept),0.4968893726965315,NA,NA,NA,NA,3403.5911548345543,0.027440383431469692,0.6368779227628475,103,384
ecog_pt_organ,sd__Observation,0.3708819711496362,NA,NA,NA,NA,3403.5911548345543,0.027440383431469692,0.6368779227628475,103,384
ecog_pt_divatt,(Intercept),1.941029566545007,0.31224079372658103,6.216450910782345,1.3290488563367084,2.5530102767533056,4324.475933124392,0.019004570310936206,0.7657766852641091,104,384
ecog_pt_divatt,new_injury_severity1,0.07855841861757179,0.09477290561887117,0.8289122097141786,-0.10719306310562937,0.26430990034077295,4324.475933124392,0.019004570310936206,0.7657766852641091,104,384
ecog_pt_divatt,new_injury_severity2,-0.020575237591022835,0.10885012278120976,-0.1890235588652421,-0.23391755795495678,0.1927670827729111,4324.475933124392,0.019004570310936206,0.7657766852641091,104,384
ecog_pt_divatt,months_since_bl_exam,0.0015458169064126934,3.67681944831494e-4,4.204223046962858,8.251735367773223e-4,0.0022664602760480643,4324.475933124392,0.019004570310936206,0.7657766852641091,104,384
ecog_pt_divatt,age,-0.004426997802042126,0.004166983636534339,-1.0623986528836094,-0.012594135653817172,0.0037401400497329203,4324.475933124392,0.019004570310936206,0.7657766852641091,104,384
ecog_pt_divatt,ptgenderMale,0.13471572289643333,0.059180282939217344,2.2763615887878843,0.01872449974067715,0.2507069460521895,4324.475933124392,0.019004570310936206,0.7657766852641091,104,384
ecog_pt_divatt,apoe41,0.037725832638130036,0.0629186453399498,0.5995970261962436,-0.08559244618422045,0.16104411146048053,4324.475933124392,0.019004570310936206,0.7657766852641091,104,384
ecog_pt_divatt,apoe42,0.09193053840396538,0.10411543244860506,0.8829674548904691,-0.11213195943011338,0.2959930362380441,4324.475933124392,0.019004570310936206,0.7657766852641091,104,384
ecog_pt_divatt,dxMCI,0.12157989813396086,0.03885977790759206,3.128682269442608,0.04541613298785517,0.19774366328006654,4324.475933124392,0.019004570310936206,0.7657766852641091,104,384
ecog_pt_divatt,dxDementia,0.12280988006645424,0.05130108329476254,2.393904225390738,0.02226160444083028,0.2233581556920782,4324.475933124392,0.019004570310936206,0.7657766852641091,104,384
ecog_pt_divatt,new_injury_severity1:months_since_bl_exam,-0.002513850019469097,9.114009815480153e-4,-2.758226148933174,-0.004300163118777661,-7.27536920160533e-4,4324.475933124392,0.019004570310936206,0.7657766852641091,104,384
ecog_pt_divatt,new_injury_severity2:months_since_bl_exam,1.2272175484916351e-5,9.294897590277132e-4,0.0132031314661859,-0.0018094942762082148,0.0018340386271780474,4324.475933124392,0.019004570310936206,0.7657766852641091,104,384
ecog_pt_divatt,sd__(Intercept),0.5920959675200312,NA,NA,NA,NA,4324.475933124392,0.019004570310936206,0.7657766852641091,104,384
ecog_pt_divatt,sd__Observation,0.44044514220098735,NA,NA,NA,NA,4324.475933124392,0.019004570310936206,0.7657766852641091,104,384
ecog_pt_total,(Intercept),1.3975973488780058,0.22831816282717315,6.121270999959498,0.9501019727203948,1.8450927250356168,2191.0705799037432,0.06511614121684196,0.5361746227487293,104,384
ecog_pt_total,new_injury_severity1,0.004541079204432774,0.06846285570826623,0.06632909418478262,-0.12964365226253144,0.138725810671397,2191.0705799037432,0.06511614121684196,0.5361746227487293,104,384
ecog_pt_total,new_injury_severity2,-0.05618391312614531,0.07846110514997984,-0.7160734356054345,-0.2099648534073159,0.09759702715502527,2191.0705799037432,0.06511614121684196,0.5361746227487293,104,384
ecog_pt_total,months_since_bl_exam,0.0010169715172248764,2.3851271451299006e-4,4.263804213965664,5.494951869245322e-4,0.0014844478475252206,2191.0705799037432,0.06511614121684196,0.5361746227487293,104,384
ecog_pt_total,age,9.285366865103097e-4,0.00304814975091142,0.30462305411099644,-0.005045727044760808,0.006902800417781428,2191.0705799037432,0.06511614121684196,0.5361746227487293,104,384
ecog_pt_total,ptgenderMale,0.10223620614801673,0.04329384943706061,2.3614487387323893,0.017381820499278264,0.1870905917967552,2191.0705799037432,0.06511614121684196,0.5361746227487293,104,384
ecog_pt_total,apoe41,0.06601398994375592,0.04596908038797897,1.4360520024894545,-0.02408375201910938,0.1561117319066212,2191.0705799037432,0.06511614121684196,0.5361746227487293,104,384
ecog_pt_total,apoe42,0.167139117002943,0.07579382029438983,2.205181324199784,0.01858595897523793,0.3156922750306481,2191.0705799037432,0.06511614121684196,0.5361746227487293,104,384
ecog_pt_total,dxMCI,0.1663305874937882,0.025909823830154145,6.419595462482874,0.11554826594090845,0.21711290904666797,2191.0705799037432,0.06511614121684196,0.5361746227487293,104,384
ecog_pt_total,dxDementia,0.1934570047172273,0.034128210329965825,5.668536464315122,0.12656694161368648,0.2603470678207681,2191.0705799037432,0.06511614121684196,0.5361746227487293,104,384
ecog_pt_total,new_injury_severity1:months_since_bl_exam,-6.870856199390106e-4,5.897658621376783e-4,-1.165014226914703,-0.0018430054690400746,4.688342291620534e-4,2191.0705799037432,0.06511614121684196,0.5361746227487293,104,384
ecog_pt_total,new_injury_severity2:months_since_bl_exam,5.711609784166996e-4,6.046574968283251e-4,0.9446024921756062,-6.139459383489593e-4,0.0017562678951823585,2191.0705799037432,0.06511614121684196,0.5361746227487293,104,384
ecog_pt_total,sd__(Intercept),0.43965746322022264,NA,NA,NA,NA,2191.0705799037432,0.06511614121684196,0.5361746227487293,104,384
ecog_pt_total,sd__Observation,0.28487158657877965,NA,NA,NA,NA,2191.0705799037432,0.06511614121684196,0.5361746227487293,104,384
ecog_sp_mem,(Intercept),0.2270786787847496,0.31168314720538703,0.7285561661603527,-0.3838090643259048,0.837966421895404,4237.385980155613,0.4574804638611269,0.7419222783352242,106,384
ecog_sp_mem,new_injury_severity1,-0.05981128984470427,0.09449342647726205,-0.6329677319839455,-0.2450150025159214,0.12539242282651286,4237.385980155613,0.4574804638611269,0.7419222783352242,106,384
ecog_sp_mem,new_injury_severity2,0.10228900463939454,0.10725302194501302,0.9537167604642091,-0.10792305560591499,0.3125010648847041,4237.385980155613,0.4574804638611269,0.7419222783352242,106,384
ecog_sp_mem,months_since_bl_exam,0.0015002368956395901,3.623516678310179e-4,4.140278709408958,7.900406769527743e-4,0.002210433114326406,4237.385980155613,0.4574804638611269,0.7419222783352242,106,384
ecog_sp_mem,age,0.018005835197324863,0.004159861397780139,4.328469983863757,0.009852656676997345,0.02615901371765238,4237.385980155613,0.4574804638611269,0.7419222783352242,106,384
ecog_sp_mem,ptgenderMale,0.005772919129581457,0.05901428561762695,0.09782240129086892,-0.10989295525432743,0.12143879351349035,4237.385980155613,0.4574804638611269,0.7419222783352242,106,384
ecog_sp_mem,apoe41,0.191546204331094,0.06272841112329536,3.053579724099847,0.06860077772201342,0.3144916309401746,4237.385980155613,0.4574804638611269,0.7419222783352242,106,384
ecog_sp_mem,apoe42,0.5936245277594957,0.10362164921490304,5.728769347497701,0.39052982727964264,0.7967192282393487,4237.385980155613,0.4574804638611269,0.7419222783352242,106,384
ecog_sp_mem,dxMCI,0.4803771130621377,0.03839926008910369,12.51006170294545,0.4051159462545082,0.5556382798697672,4237.385980155613,0.4574804638611269,0.7419222783352242,106,384
ecog_sp_mem,dxDementia,1.1723307707052115,0.04967090624089863,23.601960572644508,1.0749775833935844,1.2696839580168386,4237.385980155613,0.4574804638611269,0.7419222783352242,106,384
ecog_sp_mem,new_injury_severity1:months_since_bl_exam,3.8702858784170243e-4,8.839552116191219e-4,0.43783732790351493,-0.0013454917908782582,0.002119548966561663,4237.385980155613,0.4574804638611269,0.7419222783352242,106,384
ecog_sp_mem,new_injury_severity2:months_since_bl_exam,2.1575618305097154e-4,9.381024113488623e-4,0.22999214205274646,-0.001622890757002977,0.00205440312310492,4237.385980155613,0.4574804638611269,0.7419222783352242,106,384
ecog_sp_mem,sd__(Intercept),0.5936887211432764,NA,NA,NA,NA,4237.385980155613,0.4574804638611269,0.7419222783352242,106,384
ecog_sp_mem,sd__Observation,0.42955456601459047,NA,NA,NA,NA,4237.385980155613,0.4574804638611269,0.7419222783352242,106,384
ecog_sp_lang,(Intercept),0.5415996020552519,0.2670575473909738,2.028025821948956,0.01817642736934466,1.0650227767411593,3649.4580068262567,0.3952725858663918,0.6278277332642036,106,384
ecog_sp_lang,new_injury_severity1,0.0600795324754082,0.08142141071725131,0.7378837083042425,-0.09950350010084791,0.21966256505166432,3649.4580068262567,0.3952725858663918,0.6278277332642036,106,384
ecog_sp_lang,new_injury_severity2,0.13562086766662815,0.09242727305853489,1.467325208012341,-0.04553325871734945,0.3167749940506057,3649.4580068262567,0.3952725858663918,0.6278277332642036,106,384
ecog_sp_lang,months_since_bl_exam,0.00149158123509247,3.253825005940866e-4,4.5840855988540445,8.538432527284778e-4,0.0021293192174564623,3649.4580068262567,0.3952725858663918,0.6278277332642036,106,384
ecog_sp_lang,age,0.008918331431882363,0.0035638266581649192,2.502459375079308,0.0019333595347353844,0.015903303329029343,3649.4580068262567,0.3952725858663918,0.6278277332642036,106,384
ecog_sp_lang,ptgenderMale,0.06277484554392954,0.05053513504485871,1.2422019944778213,-0.036272199097861446,0.16182189018572052,3649.4580068262567,0.3952725858663918,0.6278277332642036,106,384
ecog_sp_lang,apoe41,0.16416924938718794,0.05375615586198521,3.0539618533862396,0.058809119950375244,0.26952937882400063,3649.4580068262567,0.3952725858663918,0.6278277332642036,106,384
ecog_sp_lang,apoe42,0.29845296757191425,0.08893497378572977,3.355856024548613,0.12414362198587012,0.47276231315795836,3649.4580068262567,0.3952725858663918,0.6278277332642036,106,384
ecog_sp_lang,dxMCI,0.3214456449768753,0.03398539072807589,9.458347780928225,0.25483550314932507,0.3880557868044255,3649.4580068262567,0.3952725858663918,0.6278277332642036,106,384
ecog_sp_lang,dxDementia,1.0131190927843827,0.04408956737864655,22.978658059481354,0.9267051286282835,1.099533056940482,3649.4580068262567,0.3952725858663918,0.6278277332642036,106,384
ecog_sp_lang,new_injury_severity1:months_since_bl_exam,6.803788127201482e-5,7.974215772485463e-4,0.0853223479439512,-0.0014948796906302602,0.0016309554531742897,3649.4580068262567,0.3952725858663918,0.6278277332642036,106,384
ecog_sp_lang,new_injury_severity2:months_since_bl_exam,3.9533200018084976e-5,8.404954250513547e-4,0.04703559215169967,-0.001607807562253254,0.0016868739622894241,3649.4580068262567,0.3952725858663918,0.6278277332642036,106,384
ecog_sp_lang,sd__(Intercept),0.5052100869132994,NA,NA,NA,NA,3649.4580068262567,0.3952725858663918,0.6278277332642036,106,384
ecog_sp_lang,sd__Observation,0.38708915070984606,NA,NA,NA,NA,3649.4580068262567,0.3952725858663918,0.6278277332642036,106,384
ecog_sp_visspat,(Intercept),0.07737491443373462,0.2540629550672104,0.3045501632194496,-0.42057932730381564,0.5753291561712849,3585.4948399556133,0.4614849999841421,0.6047336129112589,106,384
ecog_sp_visspat,new_injury_severity1,-0.04658674775987178,0.0780393066895593,-0.5969651671201291,-0.1995409782498837,0.10636748273014013,3585.4948399556133,0.4614849999841421,0.6047336129112589,106,384
ecog_sp_visspat,new_injury_severity2,0.1053259499050261,0.08861256892211705,1.1886118547990487,-0.06835149375989656,0.27900339356994874,3585.4948399556133,0.4614849999841421,0.6047336129112589,106,384
ecog_sp_visspat,months_since_bl_exam,0.0017183403327449354,3.2972371467719847e-4,5.211455094842666,0.0010720937271288657,0.0023645869383610053,3585.4948399556133,0.4614849999841421,0.6047336129112589,106,384
ecog_sp_visspat,age,0.015422293234330465,0.0033891533835928096,4.550485471973959,0.008779674664406496,0.022064911804254433,3585.4948399556133,0.4614849999841421,0.6047336129112589,106,384
ecog_sp_visspat,ptgenderMale,-0.12773429641973633,0.048059433167112836,-2.657840261568985,-0.2219290545446872,-0.03353953829478544,3585.4948399556133,0.4614849999841421,0.6047336129112589,106,384
ecog_sp_visspat,apoe41,0.06104467573752157,0.05112769661221376,1.1939649110446875,-0.03916376823490791,0.16125311970995104,3585.4948399556133,0.4614849999841421,0.6047336129112589,106,384
ecog_sp_visspat,apoe42,0.3144977163367662,0.08475587556137,3.7106302572385657,0.1483792527583225,0.4806161799152099,3585.4948399556133,0.4614849999841421,0.6047336129112589,106,384
ecog_sp_visspat,dxMCI,0.270293089123574,0.03412503866395661,7.920667630160424,0.20340924237118224,0.3371769358759658,3585.4948399556133,0.4614849999841421,0.6047336129112589,106,384
ecog_sp_visspat,dxDementia,1.1736155525506913,0.0439396199836476,26.709733788946274,1.0874954798883656,1.259735625213017,3585.4948399556133,0.4614849999841421,0.6047336129112589,106,384
ecog_sp_visspat,new_injury_severity1:months_since_bl_exam,0.0017212986430273057,8.213623762557555e-4,2.0956628800968216,1.114579673097884e-4,0.003331139318744823,3585.4948399556133,0.4614849999841421,0.6047336129112589,106,384
ecog_sp_visspat,new_injury_severity2:months_since_bl_exam,6.257868029592712e-4,8.583226152654676e-4,0.729081107534052,-0.0010564946100772741,0.0023080682159958166,3585.4948399556133,0.4614849999841421,0.6047336129112589,106,384
ecog_sp_visspat,sd__(Intercept),0.47557916921924037,NA,NA,NA,NA,3585.4948399556133,0.4614849999841421,0.6047336129112589,106,384
ecog_sp_visspat,sd__Observation,0.3899978853810962,NA,NA,NA,NA,3585.4948399556133,0.4614849999841421,0.6047336129112589,106,384
ecog_sp_plan,(Intercept),0.22509444148742844,0.28706341935373336,0.7841279184724551,-0.33753952172480717,0.787728404699664,4053.5391374780825,0.42985772157571356,0.6831823746173639,106,384
ecog_sp_plan,new_injury_severity1,0.006661658024673788,0.08760898483453308,0.07603852546922725,-0.1650487969731268,0.17837211302247435,4053.5391374780825,0.42985772157571356,0.6831823746173639,106,384
ecog_sp_plan,new_injury_severity2,0.11633539326005957,0.09948140380725978,1.1694184923792745,-0.07864457533365538,0.3113153618537745,4053.5391374780825,0.42985772157571356,0.6831823746173639,106,384
ecog_sp_plan,months_since_bl_exam,0.0013508844362802414,3.556284733219143e-4,3.7985834589161906,6.538654366923261e-4,0.002047903435868157,4053.5391374780825,0.42985772157571356,0.6831823746173639,106,384
ecog_sp_plan,age,0.013728078039366995,0.0038300685662400404,3.5842904120235586,0.006221281591217555,0.021234874487516434,4053.5391374780825,0.42985772157571356,0.6831823746173639,106,384
ecog_sp_plan,ptgenderMale,-0.005865704858933272,0.05430505166948312,-0.10801398173108676,-0.1123016503097069,0.10057024059184036,4053.5391374780825,0.42985772157571356,0.6831823746173639,106,384
ecog_sp_plan,apoe41,0.11852970994710563,0.05778819147232793,2.0511060638376954,0.005266935929638228,0.23179248396457303,4053.5391374780825,0.42985772157571356,0.6831823746173639,106,384
ecog_sp_plan,apoe42,0.35495058837762883,0.09576518237637084,3.706468045793745,0.16725427994703213,0.5426468968082255,4053.5391374780825,0.42985772157571356,0.6831823746173639,106,384
ecog_sp_plan,dxMCI,0.2567119220967089,0.03685804116068265,6.964882397780531,0.18447148888107603,0.3289523553123418,4053.5391374780825,0.42985772157571356,0.6831823746173639,106,384
ecog_sp_plan,dxDementia,1.1315836137653024,0.04805154575358004,23.549369661661608,1.0374043146868068,1.225762912843798,4053.5391374780825,0.42985772157571356,0.6831823746173639,106,384
ecog_sp_plan,new_injury_severity1:months_since_bl_exam,0.0015656470580418349,8.754288775233165e-4,1.7884343300065912,-1.5016201293019111e-4,0.0032814561290138607,4053.5391374780825,0.42985772157571356,0.6831823746173639,106,384
ecog_sp_plan,new_injury_severity2:months_since_bl_exam,8.049546745724545e-4,9.153798049810726e-4,0.8793668706609696,-9.891567753657457e-4,0.002599066124510655,4053.5391374780825,0.42985772157571356,0.6831823746173639,106,384
ecog_sp_plan,sd__(Intercept),0.5418037211929769,NA,NA,NA,NA,4053.5391374780825,0.42985772157571356,0.6831823746173639,106,384
ecog_sp_plan,sd__Observation,0.42150417856122585,NA,NA,NA,NA,4053.5391374780825,0.42985772157571356,0.6831823746173639,106,384
ecog_sp_organ,(Intercept),0.17262067016073188,0.314572620442708,0.5487466452668301,-0.44393033642936397,0.7891716767508278,4132.167412182718,0.4380190588883745,0.7341618857940295,106,384
ecog_sp_organ,new_injury_severity1,-0.003029238620893881,0.0958404700654396,-0.03160709269085936,-0.1908731082105446,0.18481463096875683,4132.167412182718,0.4380190588883745,0.7341618857940295,106,384
ecog_sp_organ,new_injury_severity2,0.15260481936032155,0.10848817757673235,1.4066493028918847,-0.060028101438459686,0.3652377401591028,4132.167412182718,0.4380190588883745,0.7341618857940295,106,384
ecog_sp_organ,months_since_bl_exam,0.0011037536256839067,3.6989807563003925e-4,2.983939896967313,3.7876671949835683e-4,0.0018287405318694566,4132.167412182718,0.4380190588883745,0.7341618857940295,106,384
ecog_sp_organ,age,0.015337671102613316,0.004199849181592439,3.6519575916766125,0.007106117966192116,0.023569224239034514,4132.167412182718,0.4380190588883745,0.7341618857940295,106,384
ecog_sp_organ,ptgenderMale,0.04521710929576487,0.05958717574373252,0.7588396115672739,-0.07157160910240956,0.16200582769393929,4132.167412182718,0.4380190588883745,0.7341618857940295,106,384
ecog_sp_organ,apoe41,0.022661474550512095,0.0633286838201862,0.3578390262279332,-0.10146046492537726,0.14678341402640144,4132.167412182718,0.4380190588883745,0.7341618857940295,106,384
ecog_sp_organ,apoe42,0.23745493560151654,0.10457500296031527,2.2706663053275484,0.03249169611612912,0.44241817508690395,4132.167412182718,0.4380190588883745,0.7341618857940295,106,384
ecog_sp_organ,dxMCI,0.36282537506918466,0.0385909691571183,9.401820762572367,0.2871884653927368,0.43846228474563254,4132.167412182718,0.4380190588883745,0.7341618857940295,106,384
ecog_sp_organ,dxDementia,1.2634707688876312,0.050363192379581416,25.087185882995694,1.1647607256771895,1.362180812098073,4132.167412182718,0.4380190588883745,0.7341618857940295,106,384
ecog_sp_organ,new_injury_severity1:months_since_bl_exam,8.049550821053495e-4,9.096618415667056e-4,0.8848948535853497,-9.779493654757739e-4,0.0025878595296864727,4132.167412182718,0.4380190588883745,0.7341618857940295,106,384
ecog_sp_organ,new_injury_severity2:months_since_bl_exam,7.865115958660597e-4,9.572119659634329e-4,0.8216692058111043,-0.0010895893829930485,0.0026626125747251676,4132.167412182718,0.4380190588883745,0.7341618857940295,106,384
ecog_sp_organ,sd__(Intercept),0.5983438991774547,NA,NA,NA,NA,4132.167412182718,0.4380190588883745,0.7341618857940295,106,384
ecog_sp_organ,sd__Observation,0.4299605710242707,NA,NA,NA,NA,4132.167412182718,0.4380190588883745,0.7341618857940295,106,384
ecog_sp_divatt,(Intercept),0.5555790197565048,0.3254485832180536,1.7071176474726322,-0.08228848217046669,1.1934465216834762,4832.243262956961,0.39356893154447703,0.793727530520452,106,384
ecog_sp_divatt,new_injury_severity1,-0.009039150375821477,0.09998914134710087,-0.09040132012378325,-0.2050142662612239,0.18693596550958094,4832.243262956961,0.39356893154447703,0.793727530520452,106,384
ecog_sp_divatt,new_injury_severity2,-0.0017668218631621063,0.1136623486005941,-0.015544477876052539,-0.2245409315185631,0.2210072877922389,4832.243262956961,0.39356893154447703,0.793727530520452,106,384
ecog_sp_divatt,months_since_bl_exam,0.002255858188107072,4.2484871260982675e-4,5.309791747395056,0.0014231700125136037,0.0030885463637005403,4832.243262956961,0.39356893154447703,0.793727530520452,106,384
ecog_sp_divatt,age,0.011491017837575923,0.004341453238383073,2.6468136834880727,0.0029819258497803154,0.02000010982537153,4832.243262956961,0.39356893154447703,0.793727530520452,106,384
ecog_sp_divatt,ptgenderMale,0.10505429836565681,0.061472936299375634,1.7089520151443267,-0.015430442805044353,0.22553903953635798,4832.243262956961,0.39356893154447703,0.793727530520452,106,384
ecog_sp_divatt,apoe41,0.10346550693356998,0.06547919977604383,1.580127846513845,-0.024871366363979075,0.23180238023111904,4832.243262956961,0.39356893154447703,0.793727530520452,106,384
ecog_sp_divatt,apoe42,0.3595752372110522,0.10854591294832155,3.3126556997336705,0.14682915716332212,0.5723213172587823,4832.243262956961,0.39356893154447703,0.793727530520452,106,384
ecog_sp_divatt,dxMCI,0.3654021513175763,0.04328900532989792,8.440992084084876,0.28055725994441394,0.4502470426907387,4832.243262956961,0.39356893154447703,0.793727530520452,106,384
ecog_sp_divatt,dxDementia,1.2861089287448997,0.05622480534322398,22.874404293511656,1.1759103352344056,1.3963075222553938,4832.243262956961,0.39356893154447703,0.793727530520452,106,384
ecog_sp_divatt,new_injury_severity1:months_since_bl_exam,7.470715636725226e-4,0.001046144840567473,0.7141186714329916,-0.0013033346464521212,0.002797477773797166,4832.243262956961,0.39356893154447703,0.793727530520452,106,384
ecog_sp_divatt,new_injury_severity2:months_since_bl_exam,8.640101202732025e-4,0.0011119585976935153,0.7770164483330396,-0.00131538868350575,0.003043408924052155,4832.243262956961,0.39356893154447703,0.793727530520452,106,384
ecog_sp_divatt,sd__(Intercept),0.6078733017146358,NA,NA,NA,NA,4832.243262956961,0.39356893154447703,0.793727530520452,106,384
ecog_sp_divatt,sd__Observation,0.5009965982456884,NA,NA,NA,NA,4832.243262956961,0.39356893154447703,0.793727530520452,106,384
ecog_sp_total,(Intercept),0.26238726862176454,0.2587202984436589,1.0141734923783112,-0.24469519839726095,0.76946973564079,3014.8094069425556,0.5021225258284716,0.5975134166462573,106,384
ecog_sp_total,new_injury_severity1,-0.008724812454146672,0.07800750242463056,-0.1118458120432253,-0.16161670773034348,0.14416708282205015,3014.8094069425556,0.5021225258284716,0.5975134166462573,106,384
ecog_sp_total,new_injury_severity2,0.10730489179018583,0.08847405886003416,1.212840160978056,-0.06610107714155795,0.28071086072192963,3014.8094069425556,0.5021225258284716,0.5975134166462573,106,384
ecog_sp_total,months_since_bl_exam,0.0016790822362324248,2.835910899017563e-4,5.920786287094226,0.0011232539136885218,0.002234910558776328,3014.8094069425556,0.5021225258284716,0.5975134166462573,106,384
ecog_sp_total,age,0.014446974831923672,0.003453728030139862,4.183008825781406,0.0076777922804530776,0.021216157383394267,3014.8094069425556,0.5021225258284716,0.5975134166462573,106,384
ecog_sp_total,ptgenderMale,0.015376571359509735,0.04899973004196161,0.31380930765009907,-0.08066113477492032,0.11141427749393978,3014.8094069425556,0.5021225258284716,0.5975134166462573,106,384
ecog_sp_total,apoe41,0.1276700653450698,0.05205135803227039,2.4527710740211224,0.025651278255420212,0.2296888524347194,3014.8094069425556,0.5021225258284716,0.5975134166462573,106,384
ecog_sp_total,apoe42,0.3927661975313107,0.08587173173259165,4.573870697686661,0.22446069604534583,0.5610716990172756,3014.8094069425556,0.5021225258284716,0.5975134166462573,106,384
ecog_sp_total,dxMCI,0.3283486338496002,0.030447050823859977,10.784250854019932,0.2686735107993741,0.3880237568998263,3014.8094069425556,0.5021225258284716,0.5975134166462573,106,384
ecog_sp_total,dxDementia,1.1059470123847193,0.03960122717248559,27.92708941992375,1.0283300333830585,1.18356399138638,3014.8094069425556,0.5021225258284716,0.5975134166462573,106,384
ecog_sp_total,new_injury_severity1:months_since_bl_exam,7.106291808743882e-4,6.982993261783624e-4,1.0176569763621346,-6.580123488637894e-4,0.002079270710612566,3014.8094069425556,0.5021225258284716,0.5975134166462573,106,384
ecog_sp_total,new_injury_severity2:months_since_bl_exam,5.637319352477531e-4,7.356724532923311e-4,0.7662811523319948,-8.781595776234406e-4,0.0020056234481189467,3014.8094069425556,0.5021225258284716,0.5975134166462573,106,384
ecog_sp_total,sd__(Intercept),0.49646571789356037,NA,NA,NA,NA,3014.8094069425556,0.5021225258284716,0.5975134166462573,106,384
ecog_sp_total,sd__Observation,0.33578360183486305,NA,NA,NA,NA,3014.8094069425556,0.5021225258284716,0.5975134166462573,106,384
m_pac_cdigit,(Intercept),15.941790626613123,2.0165017496195907,7.905666647509983,11.989519822596721,19.894061430629527,16573.85721050803,0.5767999827574078,5.0762663957541205,128,384
m_pac_cdigit,new_injury_severity1,-0.023789611330064093,0.5566989183794478,-0.042733352885462254,-1.1148994415861848,1.0673202189260564,16573.85721050803,0.5767999827574078,5.0762663957541205,128,384
m_pac_cdigit,new_injury_severity2,-1.8263224677426062,0.6016243153056948,-3.0356526843743388,-3.0054844579653377,-0.6471604775198749,16573.85721050803,0.5767999827574078,5.0762663957541205,128,384
m_pac_cdigit,months_since_bl_exam,-0.011535501883697456,0.0027728481931054098,-4.160163514317184,-0.016970184476781024,-0.006100819290613888,16573.85721050803,0.5767999827574078,5.0762663957541205,128,384
m_pac_cdigit,age,-0.21322799257238176,0.026878522206127447,-7.9330251468874495,-0.26590892805405164,-0.1605470570907119,16573.85721050803,0.5767999827574078,5.0762663957541205,128,384
m_pac_cdigit,ptgenderMale,-0.24298491186271418,0.375942111171309,-0.6463359773813447,-0.9798179100304327,0.4938480863050043,16573.85721050803,0.5767999827574078,5.0762663957541205,128,384
m_pac_cdigit,apoe41,-2.0464410483011988,0.4024740778602077,-5.084653051896659,-2.8352757456181754,-1.2576063509842221,16573.85721050803,0.5767999827574078,5.0762663957541205,128,384
m_pac_cdigit,apoe42,-5.248614448712535,0.6591518450151046,-7.962678840096793,-6.540528325285267,-3.9567005721398023,16573.85721050803,0.5767999827574078,5.0762663957541205,128,384
m_pac_cdigit,dxMCI,-3.7933143542272343,0.2708280750922017,-14.006355703469165,-4.324127627410259,-3.26250108104421,16573.85721050803,0.5767999827574078,5.0762663957541205,128,384
m_pac_cdigit,dxDementia,-11.740722635411469,0.347480416250806,-33.788156357385034,-12.421771736596035,-11.059673534226903,16573.85721050803,0.5767999827574078,5.0762663957541205,128,384
m_pac_cdigit,new_injury_severity1:months_since_bl_exam,-0.02554241917618955,0.0057161957475499944,-4.468429757174993,-0.036745956969968546,-0.014338881382410552,16573.85721050803,0.5767999827574078,5.0762663957541205,128,384
m_pac_cdigit,new_injury_severity2:months_since_bl_exam,-0.003015953733829824,0.005588932439575323,-0.5396296638824628,-0.013970060027425037,0.007938152559765387,16573.85721050803,0.5767999827574078,5.0762663957541205,128,384
m_pac_cdigit,sd__(Intercept),3.814882061764028,NA,NA,NA,NA,16573.85721050803,0.5767999827574078,5.0762663957541205,128,384
m_pac_cdigit,sd__Observation,3.3657270640362507,NA,NA,NA,NA,16573.85721050803,0.5767999827574078,5.0762663957541205,128,384
m_pac_ctrails_b,(Intercept),15.756983034928476,1.8452223791929754,8.53934095565215,12.140413628242934,19.373552441614017,16014.995739541046,0.5667868313081412,4.644218835512797,128,384
m_pac_ctrails_b,new_injury_severity1,-0.5342002990668555,0.5092115200620523,-1.0490734754032236,-1.532236538901373,0.4638359407676619,16014.995739541046,0.5667868313081412,4.644218835512797,128,384
m_pac_ctrails_b,new_injury_severity2,-1.9841946520215745,0.5502764042051654,-3.605814526769689,-3.062716585805904,-0.9056727182372453,16014.995739541046,0.5667868313081412,4.644218835512797,128,384
m_pac_ctrails_b,months_since_bl_exam,-0.012882940695153174,0.0025039507286029037,-5.145045606524893,-0.01779059394227769,-0.007975287448028657,16014.995739541046,0.5667868313081412,4.644218835512797,128,384
m_pac_ctrails_b,age,-0.2129666094523082,0.024597199525253383,-8.658164895302827,-0.2611762346423505,-0.16475698426226587,16014.995739541046,0.5667868313081412,4.644218835512797,128,384
m_pac_ctrails_b,ptgenderMale,0.16478101025667902,0.34408052093315294,0.47890246681151777,-0.5096044185540808,0.8391664390674388,16014.995739541046,0.5667868313081412,4.644218835512797,128,384
m_pac_ctrails_b,apoe41,-1.7526619605876117,0.36833031063299,-4.758397313475489,-2.4745761038427223,-1.030747817332501,16014.995739541046,0.5667868313081412,4.644218835512797,128,384
m_pac_ctrails_b,apoe42,-4.5411905301820115,0.6027989776208276,-7.53350735282519,-5.7226548162364,-3.3597262441276237,16014.995739541046,0.5667868313081412,4.644218835512797,128,384
m_pac_ctrails_b,dxMCI,-3.272030794040733,0.24598277572789193,-13.301869549030048,-3.7541481752845947,-2.7899134127968717,16014.995739541046,0.5667868313081412,4.644218835512797,128,384
m_pac_ctrails_b,dxDementia,-10.405362293625826,0.3154186755393723,-32.989049477912005,-11.02357153773432,-9.787153049517332,16014.995739541046,0.5667868313081412,4.644218835512797,128,384
m_pac_ctrails_b,new_injury_severity1:months_since_bl_exam,-0.02143920394765045,0.005170894508099179,-4.146130599661277,-0.0315739709513808,-0.011304436943920105,16014.995739541046,0.5667868313081412,4.644218835512797,128,384
m_pac_ctrails_b,new_injury_severity2:months_since_bl_exam,-0.002446761291100062,0.005053904114960697,-0.4841329070444958,-0.012352231337741802,0.007458708755541678,16014.995739541046,0.5667868313081412,4.644218835512797,128,384
m_pac_ctrails_b,sd__(Intercept),3.4985292107017703,NA,NA,NA,NA,16014.995739541046,0.5667868313081412,4.644218835512797,128,384
m_pac_ctrails_b,sd__Observation,3.045066485939435,NA,NA,NA,NA,16014.995739541046,0.5667868313081412,4.644218835512797,128,384
fdg,(Intercept),1.598178982303252,0.0631651360653038,25.301599614239116,1.4743775905366845,1.7219803740698194,-1362.3164435431318,0.2558536426407812,0.13158400091711264,107,384
fdg,new_injury_severity1,0.020750696376839017,0.01820378534724954,1.1399110669020438,-0.01492806728606804,0.056429460039746075,-1362.3164435431318,0.2558536426407812,0.13158400091711264,107,384
fdg,new_injury_severity2,-0.030983347477477028,0.02063092082069951,-1.501791788488213,-0.07141920925394558,0.009452514298991532,-1362.3164435431318,0.2558536426407812,0.13158400091711264,107,384
fdg,months_since_bl_exam,-7.32382247457539e-4,1.3768193023279326e-4,-5.31937812187281,-0.0010022338720357701,-4.6253062287930787e-4,-1362.3164435431318,0.2558536426407812,0.13158400091711264,107,384
fdg,age,-0.0040293456299614686,8.417890084031551e-4,-4.786645572392302,-0.005679221769013337,-0.0023794694909096,-1362.3164435431318,0.2558536426407812,0.13158400091711264,107,384
fdg,ptgenderMale,-0.010987988701441718,0.011954239262608392,-0.9191708865833893,-0.03441786711872881,0.012441889715845377,-1362.3164435431318,0.2558536426407812,0.13158400091711264,107,384
fdg,apoe41,-0.02591131874151769,0.012763644589007956,-2.030087766924543,-0.05092760244744282,-8.950350355925625e-4,-1362.3164435431318,0.2558536426407812,0.13158400091711264,107,384
fdg,apoe42,-0.10444133333148588,0.020842784003787102,-5.0109108894718215,-0.14529243931645613,-0.06359022734651562,-1362.3164435431318,0.2558536426407812,0.13158400091711264,107,384
fdg,dxMCI,-0.06659491919753367,0.00975997890209627,-6.82326466742979,-0.08572412633551313,-0.04746571205955421,-1362.3164435431318,0.2558536426407812,0.13158400091711264,107,384
fdg,dxDementia,-0.1530994488936623,0.012776007027348456,-11.983356659552237,-0.17813996253349593,-0.1280589352538287,-1362.3164435431318,0.2558536426407812,0.13158400091711264,107,384
fdg,new_injury_severity1:months_since_bl_exam,-7.550860567793544e-5,2.6233911667809085e-4,-0.2878282378704125,-5.896838261030444e-4,4.3866661474717357e-4,-1362.3164435431318,0.2558536426407812,0.13158400091711264,107,384
fdg,new_injury_severity2:months_since_bl_exam,-1.8716778230071433e-4,2.542344404067053e-4,-0.7362015232920343,-6.854581291275512e-4,3.111225645261225e-4,-1362.3164435431318,0.2558536426407812,0.13158400091711264,107,384
fdg,sd__(Intercept),0.11969622699776486,NA,NA,NA,NA,-1362.3164435431318,0.2558536426407812,0.13158400091711264,107,384
fdg,sd__Observation,0.05364182815899736,NA,NA,NA,NA,-1362.3164435431318,0.2558536426407812,0.13158400091711264,107,384
av45,(Intercept),0.6480763821898319,0.10250417282880588,6.322439021796667,0.4471718951803032,0.8489808691993606,-1651.9093595153445,0.23728496883883973,0.20987902518479384,96,384
av45,new_injury_severity1,-0.04653992208175509,0.030833521695838147,-1.509393657359515,-0.10697251412213221,0.013892669958622032,-1651.9093595153445,0.23728496883883973,0.20987902518479384,96,384
av45,new_injury_severity2,0.013070650194149616,0.034602636985354894,0.37773566794003577,-0.05474927206725959,0.08089057245555882,-1651.9093595153445,0.23728496883883973,0.20987902518479384,96,384
av45,months_since_bl_exam,6.37300074027406e-4,8.214630833181239e-5,7.758109730910475,4.7629626823413116e-4,7.983038798206808e-4,-1651.9093595153445,0.23728496883883973,0.20987902518479384,96,384
av45,age,0.00676136365620795,0.0013699505120017114,4.935480221346495,0.0040763099920823895,0.009446417320333512,-1651.9093595153445,0.23728496883883973,0.20987902518479384,96,384
av45,ptgenderMale,-0.04900638042455065,0.019448824557906214,-2.5197605273594226,-0.08712537609968496,-0.010887384749416334,-1651.9093595153445,0.23728496883883973,0.20987902518479384,96,384
av45,apoe41,0.20194379733104362,0.02059593717954078,9.805030748085933,0.16157650223129424,0.242311092430793,-1651.9093595153445,0.23728496883883973,0.20987902518479384,96,384
av45,apoe42,0.2838921919143334,0.03391023593448075,8.371873096455367,0.21742935077549522,0.3503550330531716,-1651.9093595153445,0.23728496883883973,0.20987902518479384,96,384
av45,dxMCI,0.018099345303409495,0.009075836472198298,1.9942344001957952,3.1103268832577413e-4,0.035887657918493215,-1651.9093595153445,0.23728496883883973,0.20987902518479384,96,384
av45,dxDementia,0.04312286822737186,0.012315647465473648,3.501469845435641,0.018984642748751515,0.0672610937059922,-1651.9093595153445,0.23728496883883973,0.20987902518479384,96,384
av45,new_injury_severity1:months_since_bl_exam,1.6891797553131744e-4,1.899563017245504e-4,0.889246495103174,-2.0338953448522501e-4,5.412254855478599e-4,-1651.9093595153445,0.23728496883883973,0.20987902518479384,96,384
av45,new_injury_severity2:months_since_bl_exam,-5.188005409852779e-4,2.1125367924236578e-4,-2.455817777214056,-9.328501439018915e-4,-1.0475093806866422e-4,-1651.9093595153445,0.23728496883883973,0.20987902518479384,96,384
av45,sd__(Intercept),0.20085079747108125,NA,NA,NA,NA,-1651.9093595153445,0.23728496883883973,0.20987902518479384,96,384
av45,sd__Observation,0.0632123672049901,NA,NA,NA,NA,-1651.9093595153445,0.23728496883883973,0.20987902518479384,96,384
tau,(Intercept),-41.63910536496157,56.47338418073841,-0.7373226515290646,-152.32490444430286,69.0466937143797,9274.138041903672,0.20745701882196194,114.87340445722462,98,384
tau,new_injury_severity1,-8.348082348220526,16.195332058318925,-0.5154622528367632,-40.09034990019255,23.3941852037515,9274.138041903672,0.20745701882196194,114.87340445722462,98,384
tau,new_injury_severity2,25.237668357994185,19.178318151101706,1.3159479449215623,-12.351144502215949,62.82648121820432,9274.138041903672,0.20745701882196194,114.87340445722462,98,384
tau,months_since_bl_exam,0.42926426295163767,0.09051737708778121,4.742340937865988,0.25185346388455543,0.6066750620187199,9274.138041903672,0.20745701882196194,114.87340445722462,98,384
tau,age,3.9987349341403347,0.7538237986272585,5.304601607726078,2.5212674381417344,5.476202430138935,9274.138041903672,0.20745701882196194,114.87340445722462,98,384
tau,ptgenderMale,-37.293450331285804,10.687941048085898,-3.4893016497283806,-58.24142985442144,-16.34547080815017,9274.138041903672,0.20745701882196194,114.87340445722462,98,384
tau,apoe41,67.65950082251553,11.42864171749098,5.92016991126478,45.25977466402122,90.05922698100983,9274.138041903672,0.20745701882196194,114.87340445722462,98,384
tau,apoe42,139.20803982910434,18.024174452743864,7.72340726029271,103.88130705065943,174.53477260754926,9274.138041903672,0.20745701882196194,114.87340445722462,98,384
tau,dxMCI,13.906052118774582,6.503790741125029,2.1381456864599406,1.1588565031844613,26.653247734364705,9274.138041903672,0.20745701882196194,114.87340445722462,98,384
tau,dxDementia,25.98195983742293,8.00525941894728,3.2456112260306553,10.291939689386227,41.671979985459636,9274.138041903672,0.20745701882196194,114.87340445722462,98,384
tau,new_injury_severity1:months_since_bl_exam,0.022644502784535045,0.15079389636388804,0.1501685633872773,-0.27290610317715086,0.318195108746221,9274.138041903672,0.20745701882196194,114.87340445722462,98,384
tau,new_injury_severity2:months_since_bl_exam,-0.42523135589015787,0.22093857815127182,-1.9246586967668962,-0.8582630118621386,0.007800300081822864,9274.138041903672,0.20745701882196194,114.87340445722462,98,384
tau,sd__(Intercept),111.38668412520757,NA,NA,NA,NA,9274.138041903672,0.20745701882196194,114.87340445722462,98,384
tau,sd__Observation,27.015916303467115,NA,NA,NA,NA,9274.138041903672,0.20745701882196194,114.87340445722462,98,384
abeta,(Intercept),-41.63910536496157,56.47338418073841,-0.7373226515290646,-152.32490444430286,69.0466937143797,9274.138041903672,0.20745701882196194,114.87340445722462,98,384
abeta,new_injury_severity1,-8.348082348220526,16.195332058318925,-0.5154622528367632,-40.09034990019255,23.3941852037515,9274.138041903672,0.20745701882196194,114.87340445722462,98,384
abeta,new_injury_severity2,25.237668357994185,19.178318151101706,1.3159479449215623,-12.351144502215949,62.82648121820432,9274.138041903672,0.20745701882196194,114.87340445722462,98,384
abeta,months_since_bl_exam,0.42926426295163767,0.09051737708778121,4.742340937865988,0.25185346388455543,0.6066750620187199,9274.138041903672,0.20745701882196194,114.87340445722462,98,384
abeta,age,3.9987349341403347,0.7538237986272585,5.304601607726078,2.5212674381417344,5.476202430138935,9274.138041903672,0.20745701882196194,114.87340445722462,98,384
abeta,ptgenderMale,-37.293450331285804,10.687941048085898,-3.4893016497283806,-58.24142985442144,-16.34547080815017,9274.138041903672,0.20745701882196194,114.87340445722462,98,384
abeta,apoe41,67.65950082251553,11.42864171749098,5.92016991126478,45.25977466402122,90.05922698100983,9274.138041903672,0.20745701882196194,114.87340445722462,98,384
abeta,apoe42,139.20803982910434,18.024174452743864,7.72340726029271,103.88130705065943,174.53477260754926,9274.138041903672,0.20745701882196194,114.87340445722462,98,384
abeta,dxMCI,13.906052118774582,6.503790741125029,2.1381456864599406,1.1588565031844613,26.653247734364705,9274.138041903672,0.20745701882196194,114.87340445722462,98,384
abeta,dxDementia,25.98195983742293,8.00525941894728,3.2456112260306553,10.291939689386227,41.671979985459636,9274.138041903672,0.20745701882196194,114.87340445722462,98,384
abeta,new_injury_severity1:months_since_bl_exam,0.022644502784535045,0.15079389636388804,0.1501685633872773,-0.27290610317715086,0.318195108746221,9274.138041903672,0.20745701882196194,114.87340445722462,98,384
abeta,new_injury_severity2:months_since_bl_exam,-0.42523135589015787,0.22093857815127182,-1.9246586967668962,-0.8582630118621386,0.007800300081822864,9274.138041903672,0.20745701882196194,114.87340445722462,98,384
abeta,sd__(Intercept),111.38668412520757,NA,NA,NA,NA,9274.138041903672,0.20745701882196194,114.87340445722462,98,384
abeta,sd__Observation,27.015916303467115,NA,NA,NA,NA,9274.138041903672,0.20745701882196194,114.87340445722462,98,384
