<?xml version="1.0" encoding="ISO-8859-1"?>
<!-- This is a temporary file format -->
  <atlas version="CAT12.8.2">
    <header>
      <name>neuromorphometrics</name>
      <version>CAT12.8.2</version>
      <description></description>
      <url></url>
      <licence>CC BY-NC</licence>
      <coordinate_system>MNI152 NLin 2009c Asym</coordinate_system>
      <type>Label</type>
      <images>
        <imagefile>cat12_neuromorphometrics.nii</imagefile>
      </images>
    </header>
  <data>
    <label><index>4</index><name>3rd Ventricle</name></label>
    <label><index>11</index><name>4th Ventricle</name></label>
    <label><index>23</index><name>Right Accumbens Area</name></label>
    <label><index>30</index><name>Left Accumbens Area</name></label>
    <label><index>31</index><name>Right Amygdala</name></label>
    <label><index>32</index><name>Left Amygdala</name></label>
    <label><index>35</index><name>Brain Stem</name></label>
    <label><index>36</index><name>Right Caudate</name></label>
    <label><index>37</index><name>Left Caudate</name></label>
    <label><index>38</index><name>Right Cerebellum Exterior</name></label>
    <label><index>39</index><name>Left Cerebellum Exterior</name></label>
    <label><index>40</index><name>Right Cerebellum White Matter</name></label>
    <label><index>41</index><name>Left Cerebellum White Matter</name></label>
    <label><index>44</index><name>Right Cerebral White Matter</name></label>
    <label><index>45</index><name>Left Cerebral White Matter</name></label>
    <label><index>46</index><name>CSF</name></label>
    <label><index>47</index><name>Right Hippocampus</name></label>
    <label><index>48</index><name>Left Hippocampus</name></label>
    <label><index>49</index><name>Right Inf Lat Vent</name></label>
    <label><index>50</index><name>Left Inf Lat Vent</name></label>
    <label><index>51</index><name>Right Lateral Ventricle</name></label>
    <label><index>52</index><name>Left Lateral Ventricle</name></label>
    <label><index>55</index><name>Right Pallidum</name></label>
    <label><index>56</index><name>Left Pallidum</name></label>
    <label><index>57</index><name>Right Putamen</name></label>
    <label><index>58</index><name>Left Putamen</name></label>
    <label><index>59</index><name>Right Thalamus Proper</name></label>
    <label><index>60</index><name>Left Thalamus Proper</name></label>
    <label><index>61</index><name>Right Ventral DC</name></label>
    <label><index>62</index><name>Left Ventral DC</name></label>
    <label><index>63</index><name>Right vessel</name></label>
    <label><index>64</index><name>Left vessel</name></label>
    <label><index>69</index><name>Optic Chiasm</name></label>
    <label><index>71</index><name>Cerebellar Vermal Lobules I-V</name></label>
    <label><index>72</index><name>Cerebellar Vermal Lobules VI-VII</name></label>
    <label><index>73</index><name>Cerebellar Vermal Lobules VIII-X</name></label>
    <label><index>75</index><name>Left Basal Forebrain</name></label>
    <label><index>76</index><name>Right Basal Forebrain</name></label>
    <label><index>100</index><name>Right ACgG anterior cingulate gyrus</name></label>
    <label><index>101</index><name>Left ACgG anterior cingulate gyrus</name></label>
    <label><index>102</index><name>Right AIns anterior insula</name></label>
    <label><index>103</index><name>Left AIns anterior insula</name></label>
    <label><index>104</index><name>Right AOrG anterior orbital gyrus</name></label>
    <label><index>105</index><name>Left AOrG anterior orbital gyrus</name></label>
    <label><index>106</index><name>Right AnG angular gyrus</name></label>
    <label><index>107</index><name>Left AnG angular gyrus</name></label>
    <label><index>108</index><name>Right Calc calcarine cortex</name></label>
    <label><index>109</index><name>Left Calc calcarine cortex</name></label>
    <label><index>112</index><name>Right CO central operculum</name></label>
    <label><index>113</index><name>Left CO central operculum</name></label>
    <label><index>114</index><name>Right Cun cuneus</name></label>
    <label><index>115</index><name>Left Cun cuneus</name></label>
    <label><index>116</index><name>Right Ent entorhinal area</name></label>
    <label><index>117</index><name>Left Ent entorhinal area</name></label>
    <label><index>118</index><name>Right FO frontal operculum</name></label>
    <label><index>119</index><name>Left FO frontal operculum</name></label>
    <label><index>120</index><name>Right FRP frontal pole</name></label>
    <label><index>121</index><name>Left FRP frontal pole</name></label>
    <label><index>122</index><name>Right FuG fusiform gyrus</name></label>
    <label><index>123</index><name>Left FuG fusiform gyrus</name></label>
    <label><index>124</index><name>Right GRe gyrus rectus</name></label>
    <label><index>125</index><name>Left GRe gyrus rectus</name></label>
    <label><index>128</index><name>Right IOG inferior occipital gyrus</name></label>
    <label><index>129</index><name>Left IOG inferior occipital gyrus</name></label>
    <label><index>132</index><name>Right ITG inferior temporal gyrus</name></label>
    <label><index>133</index><name>Left ITG inferior temporal gyrus</name></label>
    <label><index>134</index><name>Right LiG lingual gyrus</name></label>
    <label><index>135</index><name>Left LiG lingual gyrus</name></label>
    <label><index>136</index><name>Right LOrG lateral orbital gyrus</name></label>
    <label><index>137</index><name>Left LOrG lateral orbital gyrus</name></label>
    <label><index>138</index><name>Right MCgG middle cingulate gyrus</name></label>
    <label><index>139</index><name>Left MCgG middle cingulate gyrus</name></label>
    <label><index>140</index><name>Right MFC medial frontal cortex</name></label>
    <label><index>141</index><name>Left MFC medial frontal cortex</name></label>
    <label><index>142</index><name>Right MFG middle frontal gyrus</name></label>
    <label><index>143</index><name>Left MFG middle frontal gyrus</name></label>
    <label><index>144</index><name>Right MOG middle occipital gyrus</name></label>
    <label><index>145</index><name>Left MOG middle occipital gyrus</name></label>
    <label><index>146</index><name>Right MOrG medial orbital gyrus</name></label>
    <label><index>147</index><name>Left MOrG medial orbital gyrus</name></label>
    <label><index>148</index><name>Right MPoG postcentral gyrus medial segment</name></label>
    <label><index>149</index><name>Left MPoG postcentral gyrus medial segment</name></label>
    <label><index>150</index><name>Right MPrG precentral gyrus medial segment</name></label>
    <label><index>151</index><name>Left MPrG precentral gyrus medial segment</name></label>
    <label><index>152</index><name>Right MSFG superior frontal gyrus medial segment</name></label>
    <label><index>153</index><name>Left MSFG superior frontal gyrus medial segment</name></label>
    <label><index>154</index><name>Right MTG middle temporal gyrus</name></label>
    <label><index>155</index><name>Left MTG middle temporal gyrus</name></label>
    <label><index>156</index><name>Right OCP occipital pole</name></label>
    <label><index>157</index><name>Left OCP occipital pole</name></label>
    <label><index>160</index><name>Right OFuG occipital fusiform gyrus</name></label>
    <label><index>161</index><name>Left OFuG occipital fusiform gyrus</name></label>
    <label><index>162</index><name>Right OpIFG opercular part of the inferior frontal gyrus</name></label>
    <label><index>163</index><name>Left OpIFG opercular part of the inferior frontal gyrus</name></label>
    <label><index>164</index><name>Right OrIFG orbital part of the inferior frontal gyrus</name></label>
    <label><index>165</index><name>Left OrIFG orbital part of the inferior frontal gyrus</name></label>
    <label><index>166</index><name>Right PCgG posterior cingulate gyrus</name></label>
    <label><index>167</index><name>Left PCgG posterior cingulate gyrus</name></label>
    <label><index>168</index><name>Right PCu precuneus</name></label>
    <label><index>169</index><name>Left PCu precuneus</name></label>
    <label><index>170</index><name>Right PHG parahippocampal gyrus</name></label>
    <label><index>171</index><name>Left PHG parahippocampal gyrus</name></label>
    <label><index>172</index><name>Right PIns posterior insula</name></label>
    <label><index>173</index><name>Left PIns posterior insula</name></label>
    <label><index>174</index><name>Right PO parietal operculum</name></label>
    <label><index>175</index><name>Left PO parietal operculum</name></label>
    <label><index>176</index><name>Right PoG postcentral gyrus</name></label>
    <label><index>177</index><name>Left PoG postcentral gyrus</name></label>
    <label><index>178</index><name>Right POrG posterior orbital gyrus</name></label>
    <label><index>179</index><name>Left POrG posterior orbital gyrus</name></label>
    <label><index>180</index><name>Right PP planum polare</name></label>
    <label><index>181</index><name>Left PP planum polare</name></label>
    <label><index>182</index><name>Right PrG precentral gyrus</name></label>
    <label><index>183</index><name>Left PrG precentral gyrus</name></label>
    <label><index>184</index><name>Right PT planum temporale</name></label>
    <label><index>185</index><name>Left PT planum temporale</name></label>
    <label><index>186</index><name>Right SCA subcallosal area</name></label>
    <label><index>187</index><name>Left SCA subcallosal area</name></label>
    <label><index>190</index><name>Right SFG superior frontal gyrus</name></label>
    <label><index>191</index><name>Left SFG superior frontal gyrus</name></label>
    <label><index>192</index><name>Right SMC supplementary motor cortex</name></label>
    <label><index>193</index><name>Left SMC supplementary motor cortex</name></label>
    <label><index>194</index><name>Right SMG supramarginal gyrus</name></label>
    <label><index>195</index><name>Left SMG supramarginal gyrus</name></label>
    <label><index>196</index><name>Right SOG superior occipital gyrus</name></label>
    <label><index>197</index><name>Left SOG superior occipital gyrus</name></label>
    <label><index>198</index><name>Right SPL superior parietal lobule</name></label>
    <label><index>199</index><name>Left SPL superior parietal lobule</name></label>
    <label><index>200</index><name>Right STG superior temporal gyrus</name></label>
    <label><index>201</index><name>Left STG superior temporal gyrus</name></label>
    <label><index>202</index><name>Right TMP temporal pole</name></label>
    <label><index>203</index><name>Left TMP temporal pole</name></label>
    <label><index>204</index><name>Right TrIFG triangular part of the inferior frontal gyrus</name></label>
    <label><index>205</index><name>Left TrIFG triangular part of the inferior frontal gyrus</name></label>
    <label><index>206</index><name>Right TTG transverse temporal gyrus</name></label>
    <label><index>207</index><name>Left TTG transverse temporal gyrus</name></label>
  </data>
</atlas>
